Using pre-set license
Built from '2022.3/staging' branch; Version is '2022.3.46f1 (8e9b8558c41a) revision 9345925'; Using compiler version '192829333'; Build Type 'Release'
OS: 'Windows 11  (10.0.26100) 64bit Professional' Language: 'es' Physical Memory: 32609 MB
BatchMode: 1, IsHumanControllingUs: 0, StartBugReporterOnCrash: 0, Is64bit: 1, IsPro: 1

COMMAND LINE ARGUMENTS:
D:\Nueva carpeta\2022.3.46f1\Editor\Unity.exe
-adb2
-batchMode
-noUpm
-name
AssetImportWorker0
-projectPath
D:/Unity/M17UF5_AbrilJuanMarcos
-logFile
Logs/AssetImportWorker0.log
-srvPort
56890
Successfully changed project path to: D:/Unity/M17UF5_AbrilJuanMarcos
D:/Unity/M17UF5_AbrilJuanMarcos
[UnityMemory] Configuration Parameters - Can be set up in boot.config
    "memorysetup-bucket-allocator-granularity=16"
    "memorysetup-bucket-allocator-bucket-count=8"
    "memorysetup-bucket-allocator-block-size=33554432"
    "memorysetup-bucket-allocator-block-count=8"
    "memorysetup-main-allocator-block-size=16777216"
    "memorysetup-thread-allocator-block-size=16777216"
    "memorysetup-gfx-main-allocator-block-size=16777216"
    "memorysetup-gfx-thread-allocator-block-size=16777216"
    "memorysetup-cache-allocator-block-size=4194304"
    "memorysetup-typetree-allocator-block-size=2097152"
    "memorysetup-profiler-bucket-allocator-granularity=16"
    "memorysetup-profiler-bucket-allocator-bucket-count=8"
    "memorysetup-profiler-bucket-allocator-block-size=33554432"
    "memorysetup-profiler-bucket-allocator-block-count=8"
    "memorysetup-profiler-allocator-block-size=16777216"
    "memorysetup-profiler-editor-allocator-block-size=1048576"
    "memorysetup-temp-allocator-size-main=16777216"
    "memorysetup-job-temp-allocator-block-size=2097152"
    "memorysetup-job-temp-allocator-block-size-background=1048576"
    "memorysetup-job-temp-allocator-reduction-small-platforms=262144"
    "memorysetup-allocator-temp-initial-block-size-main=262144"
    "memorysetup-allocator-temp-initial-block-size-worker=262144"
    "memorysetup-temp-allocator-size-background-worker=32768"
    "memorysetup-temp-allocator-size-job-worker=262144"
    "memorysetup-temp-allocator-size-preload-manager=33554432"
    "memorysetup-temp-allocator-size-nav-mesh-worker=65536"
    "memorysetup-temp-allocator-size-audio-worker=65536"
    "memorysetup-temp-allocator-size-cloud-worker=32768"
    "memorysetup-temp-allocator-size-gi-baking-worker=262144"
    "memorysetup-temp-allocator-size-gfx=262144"
Player connection [22420]  Target information:

Player connection [22420]  * "[IP] 192.168.1.81 [Port] 0 [Flags] 2 [Guid] 2606841564 [EditorId] 2606841564 [Version] 1048832 [Id] WindowsEditor(7,neorigins) [Debug] 1 [PackageName] WindowsEditor [ProjectName] Editor" 

Player connection [22420] Host joined multi-casting on [225.0.0.222:54997]...
Player connection [22420] Host joined alternative multi-casting on [225.0.0.222:34997]...
[PhysX] Initialized MultithreadedTaskDispatcher with 28 workers.
Refreshing native plugins compatible for Editor in 18.00 ms, found 19 plugins.
Unity memory allocator detected: MetaXRAudio native memory allocations will be tracked.
Preloading 3 native plugins for Editor in 3.98 ms.
Initialize engine version: 2022.3.46f1 (8e9b8558c41a)
[Subsystems] Discovering subsystems at path D:/Nueva carpeta/2022.3.46f1/Editor/Data/Resources/UnitySubsystems
[Subsystems] Discovering subsystems at path D:/Unity/M17UF5_AbrilJuanMarcos/Assets
GfxDevice: creating device client; threaded=0; jobified=0
Direct3D:
    Version:  Direct3D 11.0 [level 11.1]
    Renderer: NVIDIA GeForce RTX 4060 Ti (ID=0x2803)
    Vendor:   NVIDIA
    VRAM:     16109 MB
    Driver:   32.0.15.7602
Shader 'Meta/MRUK/Scene/HighlightsAndShadows': fallback shader 'Off' not found
Shader 'Oculus/OVRMRCameraFrameLit': fallback shader 'Alpha-Diffuse' not found
Initialize mono
Mono path[0] = 'D:/Nueva carpeta/2022.3.46f1/Editor/Data/Managed'
Mono path[1] = 'D:/Nueva carpeta/2022.3.46f1/Editor/Data/MonoBleedingEdge/lib/mono/unityjit-win32'
Mono config path = 'D:/Nueva carpeta/2022.3.46f1/Editor/Data/MonoBleedingEdge/etc'
Using monoOptions --debugger-agent=transport=dt_socket,embedding=1,server=y,suspend=n,address=127.0.0.1:56680
Begin MonoManager ReloadAssembly
Registering precompiled unity dll's ...
Register platform support module: D:/Nueva carpeta/2022.3.46f1/Editor/Data/PlaybackEngines/AndroidPlayer/UnityEditor.Android.Extensions.dll
Register platform support module: D:/Nueva carpeta/2022.3.46f1/Editor/Data/PlaybackEngines/WindowsStandaloneSupport/UnityEditor.WindowsStandalone.Extensions.dll
Registered in 0.004564 seconds.
- Loaded All Assemblies, in  0.261 seconds
Native extension for WindowsStandalone target not found
Native extension for Android target not found
Android Extension - Scanning For ADB Devices 279 ms
Mono: successfully reloaded assembly
- Finished resetting the current domain, in  0.514 seconds
Domain Reload Profiling: 776ms
	BeginReloadAssembly (79ms)
		ExecutionOrderSort (0ms)
		DisableScriptedObjects (0ms)
		BackupInstance (0ms)
		ReleaseScriptingObjects (0ms)
		CreateAndSetChildDomain (1ms)
	RebuildCommonClasses (25ms)
	RebuildNativeTypeToScriptingClass (7ms)
	initialDomainReloadingComplete (41ms)
	LoadAllAssembliesAndSetupDomain (109ms)
		LoadAssemblies (79ms)
		RebuildTransferFunctionScriptingTraits (0ms)
		AnalyzeDomain (107ms)
			TypeCache.Refresh (106ms)
				TypeCache.ScanAssembly (96ms)
			ScanForSourceGeneratedMonoScriptInfo (0ms)
			ResolveRequiredComponents (0ms)
	FinalizeReload (515ms)
		ReleaseScriptCaches (0ms)
		RebuildScriptCaches (0ms)
		SetupLoadedEditorAssemblies (480ms)
			LogAssemblyErrors (0ms)
			InitializePlatformSupportModulesInManaged (353ms)
			SetLoadedEditorAssemblies (3ms)
			RefreshPlugins (0ms)
			BeforeProcessingInitializeOnLoad (2ms)
			ProcessInitializeOnLoadAttributes (87ms)
			ProcessInitializeOnLoadMethodAttributes (35ms)
			AfterProcessingInitializeOnLoad (0ms)
			EditorAssembliesLoaded (0ms)
		ExecutionOrderSort2 (0ms)
		AwakeInstancesAfterBackupRestoration (0ms)
========================================================================
Worker process is ready to serve import requests
Caller must complete domain reload
Begin MonoManager ReloadAssembly
Symbol file LoadedFromMemory is not a mono symbol file
- Loaded All Assemblies, in  0.622 seconds
Native extension for WindowsStandalone target not found
Native extension for Android target not found
Package Manager log level set to [2]
[Package Manager] Server::EnsureServerProcessIsRunning -- launch failed, reason: Unity was launched with the -noUpm command-line argument
[Package Manager] UpmClient::Send -- Unable to send message (not connected to UPM process).
[Package Manager] Cannot connect to Unity Package Manager local server
[Package Manager] Server::EnsureServerProcessIsRunning -- launch failed, reason: Unity was launched with the -noUpm command-line argument
[Package Manager] UpmClient::Send -- Unable to send message (not connected to UPM process).
[Package Manager] Cannot connect to Unity Package Manager local server
[Package Manager] Server::EnsureServerProcessIsRunning -- launch failed, reason: Unity was launched with the -noUpm command-line argument
[Package Manager] UpmClient::Send -- Unable to send message (not connected to UPM process).
[Package Manager] Cannot connect to Unity Package Manager local server
System.Reflection.TargetInvocationException: Exception has been thrown by the target of an invocation. ---> System.NullReferenceException: Object reference not set to an instance of an object
  at Unity.XR.Oculus.OculusLoader.AssetPathToAbsolutePath (System.String assetPath) [0x0003d] in .\Library\PackageCache\com.unity.xr.oculus@4.2.0\Runtime\OculusLoader.cs:298 
  at Unity.XR.Oculus.OculusLoader.EditorLoadOVRPlugin () [0x0008c] in .\Library\PackageCache\com.unity.xr.oculus@4.2.0\Runtime\OculusLoader.cs:283 
  at (wrapper managed-to-native) System.Reflection.RuntimeMethodInfo.InternalInvoke(System.Reflection.RuntimeMethodInfo,object,object[],System.Exception&)
  at System.Reflection.RuntimeMethodInfo.Invoke (System.Object obj, System.Reflection.BindingFlags invokeAttr, System.Reflection.Binder binder, System.Object[] parameters, System.Globalization.CultureInfo culture) [0x0006a] in <8ce0bd04a7a04b4b9395538239d3fdd8>:0 
   --- End of inner exception stack trace ---
  at System.Reflection.RuntimeMethodInfo.Invoke (System.Object obj, System.Reflection.BindingFlags invokeAttr, System.Reflection.Binder binder, System.Object[] parameters, System.Globalization.CultureInfo culture) [0x00083] in <8ce0bd04a7a04b4b9395538239d3fdd8>:0 
  at System.Reflection.MethodBase.Invoke (System.Object obj, System.Object[] parameters) [0x00000] in <8ce0bd04a7a04b4b9395538239d3fdd8>:0 
  at UnityEditor.EditorAssemblies.ProcessInitializeOnLoadMethodAttributes () [0x000a5] in <e0a2c8363ef54a6393fed120beebdb7a>:0 
UnityEngine.StackTraceUtility:ExtractStackTrace ()
UnityEngine.DebugLogHandler:LogFormat (UnityEngine.LogType,UnityEngine.Object,string,object[])
UnityEngine.Logger:Log (UnityEngine.LogType,object)
UnityEngine.Debug:LogError (object)
UnityEditor.EditorAssemblies:ProcessInitializeOnLoadMethodAttributes ()

Mono: successfully reloaded assembly
[Package Manager] Server::EnsureServerProcessIsRunning -- launch failed, reason: Unity was launched with the -noUpm command-line argument
[Package Manager] UpmClient::Send -- Unable to send message (not connected to UPM process).
[Package Manager] Cannot connect to Unity Package Manager local server
[Package Manager] Server::EnsureServerProcessIsRunning -- launch failed, reason: Unity was launched with the -noUpm command-line argument
[Package Manager] UpmClient::Send -- Unable to send message (not connected to UPM process).
[Package Manager] Cannot connect to Unity Package Manager local server
- Finished resetting the current domain, in  1.643 seconds
Domain Reload Profiling: 2264ms
	BeginReloadAssembly (112ms)
		ExecutionOrderSort (0ms)
		DisableScriptedObjects (5ms)
		BackupInstance (0ms)
		ReleaseScriptingObjects (0ms)
		CreateAndSetChildDomain (18ms)
	RebuildCommonClasses (25ms)
	RebuildNativeTypeToScriptingClass (7ms)
	initialDomainReloadingComplete (29ms)
	LoadAllAssembliesAndSetupDomain (447ms)
		LoadAssemblies (268ms)
		RebuildTransferFunctionScriptingTraits (0ms)
		AnalyzeDomain (243ms)
			TypeCache.Refresh (193ms)
				TypeCache.ScanAssembly (174ms)
			ScanForSourceGeneratedMonoScriptInfo (36ms)
			ResolveRequiredComponents (11ms)
	FinalizeReload (1643ms)
		ReleaseScriptCaches (0ms)
		RebuildScriptCaches (0ms)
		SetupLoadedEditorAssemblies (1469ms)
			LogAssemblyErrors (0ms)
			InitializePlatformSupportModulesInManaged (748ms)
			SetLoadedEditorAssemblies (5ms)
			RefreshPlugins (0ms)
			BeforeProcessingInitializeOnLoad (69ms)
			ProcessInitializeOnLoadAttributes (571ms)
			ProcessInitializeOnLoadMethodAttributes (76ms)
			AfterProcessingInitializeOnLoad (2ms)
			EditorAssembliesLoaded (0ms)
		ExecutionOrderSort2 (0ms)
		AwakeInstancesAfterBackupRestoration (5ms)
Shader 'Oculus/OVRMRCameraFrameLit': fallback shader 'Alpha-Diffuse' not found
Shader 'Meta/MRUK/Scene/HighlightsAndShadows': fallback shader 'Off' not found
Launched and connected shader compiler UnityShaderCompiler.exe after 0.04 seconds
Refreshing native plugins compatible for Editor in 18.21 ms, found 19 plugins.
Preloading 3 native plugins for Editor in 0.26 ms.
Unloading 6491 Unused Serialized files (Serialized files now loaded: 0)
Unloading 128 unused Assets / (0.5 MB). Loaded Objects now: 6910.
Memory consumption went from 240.1 MB to 239.6 MB.
Total: 6.265300 ms (FindLiveObjects: 0.343100 ms CreateObjectMapping: 0.155800 ms MarkObjects: 5.456800 ms  DeleteObjects: 0.308700 ms)

AssetImportParameters requested are different than current active one (requested -> active):
  custom:container-demuxer-ogg: 62fdf1f143b41e24485cea50d1cbac27 -> 
  custom:framework-win-MediaFoundation: 216162199b28c13a410421893ffa2e32 -> 
  custom:container-muxer-webm: aa71ff27fc2769a1b78a27578f13a17b -> 
  custom:video-decoder-webm-vp8: 9c59270c3fd7afecdb556c50c9e8de78 -> 
  custom:SearchIndexIgnoredProperties: e643bd26f0fe6173181afceb89e7c659 -> 
  custom:AudioImporter_EditorPlatform: d09bf68614088b80899f8185d706f6e7 -> 
  custom:audio-decoder-ogg-vorbis: bf7c407c2cedff20999df2af8eb42d56 -> 
  custom:audio-encoder-webm-vorbis: bf7c407c2cedff20999df2af8eb42d56 -> 
  custom:video-codec-MediaFoundation-h265: 746d11721c4dcdbdad8f713fa42b33f4 -> 
  custom:video-decoder-ogg-theora: a1e56fd34408186e4bbccfd4996cb3dc -> 
  custom:CustomObjectIndexerAttribute: 9a22284fe3817be447336de3de66b15e -> 
  custom:container-demuxer-webm: 4f35f7cbe854078d1ac9338744f61a02 -> 
  custom:video-encoder-webm-vp8: eb34c28f22e8b96e1ab97ce403110664 -> 
========================================================================
Received Import Request.
  Time since last request: 176015.217666 seconds.
  path: Assets/LowPoly Environment Pack/Prefabs/Grass_2.prefab
  artifactKey: Guid(c04be9f92ebf58b46b2204ac3aaa8785) Importer(815301076,1909f56bfc062723c751e8b465ee728b)
Start importing Assets/LowPoly Environment Pack/Prefabs/Grass_2.prefab using Guid(c04be9f92ebf58b46b2204ac3aaa8785) Importer(815301076,1909f56bfc062723c751e8b465ee728b) [PhysX] Initialized MultithreadedTaskDispatcher with 28 workers.
[PhysX] Initialized MultithreadedTaskDispatcher with 28 workers.
 -> (artifact id: 'd62e4cb8ed9151daba22e4a3bf71408a') in 0.180475 seconds
Number of updated asset objects reloaded before import = 0
Number of asset objects unloaded after import = 8
========================================================================
Received Import Request.
  Time since last request: 0.000030 seconds.
  path: Assets/LowPoly Environment Pack/Prefabs/Plant_1.prefab
  artifactKey: Guid(48ad265f338caaf4da3a864816595b22) Importer(815301076,1909f56bfc062723c751e8b465ee728b)
Start importing Assets/LowPoly Environment Pack/Prefabs/Plant_1.prefab using Guid(48ad265f338caaf4da3a864816595b22) Importer(815301076,1909f56bfc062723c751e8b465ee728b) [PhysX] Initialized MultithreadedTaskDispatcher with 28 workers.
[PhysX] Initialized MultithreadedTaskDispatcher with 28 workers.
 -> (artifact id: '69299dd59e753229911fdc7c752ef64e') in 0.047082 seconds
Number of updated asset objects reloaded before import = 0
Number of asset objects unloaded after import = 8
========================================================================
Received Import Request.
  Time since last request: 0.000016 seconds.
  path: Assets/LowPoly Environment Pack/Prefabs/Rock_1.prefab
  artifactKey: Guid(74442f407a24ac84f95f08a83b1bb617) Importer(815301076,1909f56bfc062723c751e8b465ee728b)
Start importing Assets/LowPoly Environment Pack/Prefabs/Rock_1.prefab using Guid(74442f407a24ac84f95f08a83b1bb617) Importer(815301076,1909f56bfc062723c751e8b465ee728b) [PhysX] Initialized MultithreadedTaskDispatcher with 28 workers.
[PhysX] Initialized MultithreadedTaskDispatcher with 28 workers.
 -> (artifact id: '392cf58f154337b4cb18a72f9749f259') in 0.009855 seconds
Number of updated asset objects reloaded before import = 0
Number of asset objects unloaded after import = 9
========================================================================
Received Import Request.
  Time since last request: 0.000015 seconds.
  path: Assets/LowPoly Environment Pack/Prefabs/Rock_2.prefab
  artifactKey: Guid(4983f395b2610de4e9f688a87bbd9af9) Importer(815301076,1909f56bfc062723c751e8b465ee728b)
Start importing Assets/LowPoly Environment Pack/Prefabs/Rock_2.prefab using Guid(4983f395b2610de4e9f688a87bbd9af9) Importer(815301076,1909f56bfc062723c751e8b465ee728b) [PhysX] Initialized MultithreadedTaskDispatcher with 28 workers.
[PhysX] Initialized MultithreadedTaskDispatcher with 28 workers.
 -> (artifact id: 'e8d3e1eba1c9c907a3b74cd3d8083862') in 0.015222 seconds
Number of updated asset objects reloaded before import = 0
Number of asset objects unloaded after import = 9
========================================================================
Received Import Request.
  Time since last request: 0.000016 seconds.
  path: Assets/LowPoly Environment Pack/Prefabs/Rock_5.prefab
  artifactKey: Guid(3a33ce58c20826a4ea7253f84444654b) Importer(815301076,1909f56bfc062723c751e8b465ee728b)
Start importing Assets/LowPoly Environment Pack/Prefabs/Rock_5.prefab using Guid(3a33ce58c20826a4ea7253f84444654b) Importer(815301076,1909f56bfc062723c751e8b465ee728b) [PhysX] Initialized MultithreadedTaskDispatcher with 28 workers.
[PhysX] Initialized MultithreadedTaskDispatcher with 28 workers.
 -> (artifact id: '44a2f0ef856d6f43de0f3e1dc06d555d') in 0.025486 seconds
Number of updated asset objects reloaded before import = 0
Number of asset objects unloaded after import = 9
========================================================================
Received Import Request.
  Time since last request: 0.000016 seconds.
  path: Assets/LowPoly Environment Pack/Prefabs/Plant_3.prefab
  artifactKey: Guid(01bdef6597b249b44a9530ab656246fc) Importer(815301076,1909f56bfc062723c751e8b465ee728b)
Start importing Assets/LowPoly Environment Pack/Prefabs/Plant_3.prefab using Guid(01bdef6597b249b44a9530ab656246fc) Importer(815301076,1909f56bfc062723c751e8b465ee728b) [PhysX] Initialized MultithreadedTaskDispatcher with 28 workers.
[PhysX] Initialized MultithreadedTaskDispatcher with 28 workers.
 -> (artifact id: 'd48143d2c7d91e45227541cb48c242fb') in 0.027183 seconds
Number of updated asset objects reloaded before import = 0
Number of asset objects unloaded after import = 8
========================================================================
Received Import Request.
  Time since last request: 0.000015 seconds.
  path: Assets/LowPoly Environment Pack/Prefabs/Environment_1.prefab
  artifactKey: Guid(93acc49b5a9f4e84b89aa62e0282a2a3) Importer(815301076,1909f56bfc062723c751e8b465ee728b)
Start importing Assets/LowPoly Environment Pack/Prefabs/Environment_1.prefab using Guid(93acc49b5a9f4e84b89aa62e0282a2a3) Importer(815301076,1909f56bfc062723c751e8b465ee728b) [PhysX] Initialized MultithreadedTaskDispatcher with 28 workers.
[PhysX] Initialized MultithreadedTaskDispatcher with 28 workers.
 -> (artifact id: 'b7fc7d7c2d5584b907bf2719b39e31b2') in 0.009595 seconds
Number of updated asset objects reloaded before import = 0
Number of asset objects unloaded after import = 9
========================================================================
Received Import Request.
  Time since last request: 0.000015 seconds.
  path: Assets/LowPoly Environment Pack/Prefabs/Plant_6.prefab
  artifactKey: Guid(21cba551342e0284a87bcb1672a662d2) Importer(815301076,1909f56bfc062723c751e8b465ee728b)
Start importing Assets/LowPoly Environment Pack/Prefabs/Plant_6.prefab using Guid(21cba551342e0284a87bcb1672a662d2) Importer(815301076,1909f56bfc062723c751e8b465ee728b) [PhysX] Initialized MultithreadedTaskDispatcher with 28 workers.
[PhysX] Initialized MultithreadedTaskDispatcher with 28 workers.
 -> (artifact id: 'd1dfc909126fd297ce31c401d0580c58') in 0.032433 seconds
Number of updated asset objects reloaded before import = 0
Number of asset objects unloaded after import = 9
========================================================================
Received Import Request.
  Time since last request: 0.000016 seconds.
  path: Assets/LowPoly Environment Pack/Prefabs/Terrain_1.prefab
  artifactKey: Guid(2bd413b982191d54396bb381188bb4d0) Importer(815301076,1909f56bfc062723c751e8b465ee728b)
Start importing Assets/LowPoly Environment Pack/Prefabs/Terrain_1.prefab using Guid(2bd413b982191d54396bb381188bb4d0) Importer(815301076,1909f56bfc062723c751e8b465ee728b) [PhysX] Initialized MultithreadedTaskDispatcher with 28 workers.
[PhysX] Initialized MultithreadedTaskDispatcher with 28 workers.
 -> (artifact id: '26d11b9b533906511f2f9e61e0fa8947') in 0.031827 seconds
Number of updated asset objects reloaded before import = 0
Number of asset objects unloaded after import = 10
========================================================================
Received Import Request.
  Time since last request: 0.000019 seconds.
  path: Assets/LowPoly Environment Pack/Prefabs/Mounting_1.prefab
  artifactKey: Guid(e05ee61d6dad0e54eb51d1c8ec3becc6) Importer(815301076,1909f56bfc062723c751e8b465ee728b)
Start importing Assets/LowPoly Environment Pack/Prefabs/Mounting_1.prefab using Guid(e05ee61d6dad0e54eb51d1c8ec3becc6) Importer(815301076,1909f56bfc062723c751e8b465ee728b) [PhysX] Initialized MultithreadedTaskDispatcher with 28 workers.
[PhysX] Initialized MultithreadedTaskDispatcher with 28 workers.
 -> (artifact id: '9ee70db070e1600c5730d583b14c2779') in 0.016576 seconds
Number of updated asset objects reloaded before import = 0
Number of asset objects unloaded after import = 9
========================================================================
Received Import Request.
  Time since last request: 0.000024 seconds.
  path: Assets/LowPoly Environment Pack/Prefabs/Log_3.prefab
  artifactKey: Guid(d7de6c400fc6dce4e847672adb026364) Importer(815301076,1909f56bfc062723c751e8b465ee728b)
Start importing Assets/LowPoly Environment Pack/Prefabs/Log_3.prefab using Guid(d7de6c400fc6dce4e847672adb026364) Importer(815301076,1909f56bfc062723c751e8b465ee728b) [PhysX] Initialized MultithreadedTaskDispatcher with 28 workers.
[PhysX] Initialized MultithreadedTaskDispatcher with 28 workers.
 -> (artifact id: '55d0bc5d8b6e544eaffc65d20d2a70fc') in 0.048690 seconds
Number of updated asset objects reloaded before import = 0
Number of asset objects unloaded after import = 9
========================================================================
Received Import Request.
  Time since last request: 0.000016 seconds.
  path: Assets/LowPoly Environment Pack/Prefabs/Rock_6.prefab
  artifactKey: Guid(c53e680fdc8fae04d91b4ce9e548d2df) Importer(815301076,1909f56bfc062723c751e8b465ee728b)
Start importing Assets/LowPoly Environment Pack/Prefabs/Rock_6.prefab using Guid(c53e680fdc8fae04d91b4ce9e548d2df) Importer(815301076,1909f56bfc062723c751e8b465ee728b) [PhysX] Initialized MultithreadedTaskDispatcher with 28 workers.
[PhysX] Initialized MultithreadedTaskDispatcher with 28 workers.
 -> (artifact id: 'ff05b0e672295648c39b130fc580a67f') in 0.018086 seconds
Number of updated asset objects reloaded before import = 0
Number of asset objects unloaded after import = 9
========================================================================
Received Import Request.
  Time since last request: 0.000016 seconds.
  path: Assets/LowPoly Environment Pack/Prefabs/Plant_7.prefab
  artifactKey: Guid(1a6a34cedc83b654099dbb403ec40524) Importer(815301076,1909f56bfc062723c751e8b465ee728b)
Start importing Assets/LowPoly Environment Pack/Prefabs/Plant_7.prefab using Guid(1a6a34cedc83b654099dbb403ec40524) Importer(815301076,1909f56bfc062723c751e8b465ee728b) [PhysX] Initialized MultithreadedTaskDispatcher with 28 workers.
[PhysX] Initialized MultithreadedTaskDispatcher with 28 workers.
 -> (artifact id: '3787e3e10e6af3b241fa9032d8aa496a') in 0.014251 seconds
Number of updated asset objects reloaded before import = 0
Number of asset objects unloaded after import = 8
========================================================================
Received Import Request.
  Time since last request: 0.000016 seconds.
  path: Assets/LowPoly Environment Pack/Prefabs/Stone_1.prefab
  artifactKey: Guid(0f9577b4dda6cc546abea4737be5a392) Importer(815301076,1909f56bfc062723c751e8b465ee728b)
Start importing Assets/LowPoly Environment Pack/Prefabs/Stone_1.prefab using Guid(0f9577b4dda6cc546abea4737be5a392) Importer(815301076,1909f56bfc062723c751e8b465ee728b) [PhysX] Initialized MultithreadedTaskDispatcher with 28 workers.
[PhysX] Initialized MultithreadedTaskDispatcher with 28 workers.
 -> (artifact id: 'a08083f146d94fe5a0ebb33be8c50fc5') in 0.007169 seconds
Number of updated asset objects reloaded before import = 0
Number of asset objects unloaded after import = 8
========================================================================
Received Import Request.
  Time since last request: 0.000016 seconds.
  path: Assets/LowPoly Environment Pack/Prefabs/Grass_1.prefab
  artifactKey: Guid(b2199aadf1bb8c4449f3edfc84a39f78) Importer(815301076,1909f56bfc062723c751e8b465ee728b)
Start importing Assets/LowPoly Environment Pack/Prefabs/Grass_1.prefab using Guid(b2199aadf1bb8c4449f3edfc84a39f78) Importer(815301076,1909f56bfc062723c751e8b465ee728b) [PhysX] Initialized MultithreadedTaskDispatcher with 28 workers.
[PhysX] Initialized MultithreadedTaskDispatcher with 28 workers.
 -> (artifact id: 'bd07598587c2b9ed29aad1b9469e411d') in 0.022373 seconds
Number of updated asset objects reloaded before import = 0
Number of asset objects unloaded after import = 8
========================================================================
Received Import Request.
  Time since last request: 0.000017 seconds.
  path: Assets/LowPoly Environment Pack/Prefabs/Tree_1.prefab
  artifactKey: Guid(c7821bc923171f24094e69062402d005) Importer(815301076,1909f56bfc062723c751e8b465ee728b)
Start importing Assets/LowPoly Environment Pack/Prefabs/Tree_1.prefab using Guid(c7821bc923171f24094e69062402d005) Importer(815301076,1909f56bfc062723c751e8b465ee728b) [PhysX] Initialized MultithreadedTaskDispatcher with 28 workers.
[PhysX] Initialized MultithreadedTaskDispatcher with 28 workers.
 -> (artifact id: 'b567b9b71c6846d1f0abc776b652eb89') in 0.024951 seconds
Number of updated asset objects reloaded before import = 0
Number of asset objects unloaded after import = 29
========================================================================
Received Prepare
Caller must complete domain reload
Begin MonoManager ReloadAssembly
Symbol file LoadedFromMemory is not a mono symbol file
- Loaded All Assemblies, in  0.318 seconds
Native extension for WindowsStandalone target not found
Native extension for Android target not found
[Package Manager] Server::EnsureServerProcessIsRunning -- launch failed, reason: Unity was launched with the -noUpm command-line argument
[Package Manager] UpmClient::Send -- Unable to send message (not connected to UPM process).
[Package Manager] Cannot connect to Unity Package Manager local server
[Package Manager] Server::EnsureServerProcessIsRunning -- launch failed, reason: Unity was launched with the -noUpm command-line argument
[Package Manager] UpmClient::Send -- Unable to send message (not connected to UPM process).
[Package Manager] Cannot connect to Unity Package Manager local server
[Package Manager] Server::EnsureServerProcessIsRunning -- launch failed, reason: Unity was launched with the -noUpm command-line argument
[Package Manager] UpmClient::Send -- Unable to send message (not connected to UPM process).
[Package Manager] Cannot connect to Unity Package Manager local server
System.Reflection.TargetInvocationException: Exception has been thrown by the target of an invocation. ---> System.NullReferenceException: Object reference not set to an instance of an object
  at Unity.XR.Oculus.OculusLoader.AssetPathToAbsolutePath (System.String assetPath) [0x0003d] in .\Library\PackageCache\com.unity.xr.oculus@4.2.0\Runtime\OculusLoader.cs:298 
  at Unity.XR.Oculus.OculusLoader.EditorLoadOVRPlugin () [0x0008c] in .\Library\PackageCache\com.unity.xr.oculus@4.2.0\Runtime\OculusLoader.cs:283 
  at (wrapper managed-to-native) System.Reflection.RuntimeMethodInfo.InternalInvoke(System.Reflection.RuntimeMethodInfo,object,object[],System.Exception&)
  at System.Reflection.RuntimeMethodInfo.Invoke (System.Object obj, System.Reflection.BindingFlags invokeAttr, System.Reflection.Binder binder, System.Object[] parameters, System.Globalization.CultureInfo culture) [0x0006a] in <8ce0bd04a7a04b4b9395538239d3fdd8>:0 
   --- End of inner exception stack trace ---
  at System.Reflection.RuntimeMethodInfo.Invoke (System.Object obj, System.Reflection.BindingFlags invokeAttr, System.Reflection.Binder binder, System.Object[] parameters, System.Globalization.CultureInfo culture) [0x00083] in <8ce0bd04a7a04b4b9395538239d3fdd8>:0 
  at System.Reflection.MethodBase.Invoke (System.Object obj, System.Object[] parameters) [0x00000] in <8ce0bd04a7a04b4b9395538239d3fdd8>:0 
  at UnityEditor.EditorAssemblies.ProcessInitializeOnLoadMethodAttributes () [0x000a5] in <e0a2c8363ef54a6393fed120beebdb7a>:0 
UnityEngine.StackTraceUtility:ExtractStackTrace ()
UnityEngine.DebugLogHandler:LogFormat (UnityEngine.LogType,UnityEngine.Object,string,object[])
UnityEngine.Logger:Log (UnityEngine.LogType,object)
UnityEngine.Debug:LogError (object)
UnityEditor.EditorAssemblies:ProcessInitializeOnLoadMethodAttributes ()

Mono: successfully reloaded assembly
[Package Manager] Server::EnsureServerProcessIsRunning -- launch failed, reason: Unity was launched with the -noUpm command-line argument
[Package Manager] UpmClient::Send -- Unable to send message (not connected to UPM process).
[Package Manager] Cannot connect to Unity Package Manager local server
- Finished resetting the current domain, in  7.030 seconds
Domain Reload Profiling: 7348ms
	BeginReloadAssembly (108ms)
		ExecutionOrderSort (0ms)
		DisableScriptedObjects (2ms)
		BackupInstance (0ms)
		ReleaseScriptingObjects (0ms)
		CreateAndSetChildDomain (36ms)
	RebuildCommonClasses (20ms)
	RebuildNativeTypeToScriptingClass (6ms)
	initialDomainReloadingComplete (14ms)
	LoadAllAssembliesAndSetupDomain (169ms)
		LoadAssemblies (199ms)
		RebuildTransferFunctionScriptingTraits (0ms)
		AnalyzeDomain (17ms)
			TypeCache.Refresh (5ms)
				TypeCache.ScanAssembly (0ms)
			ScanForSourceGeneratedMonoScriptInfo (0ms)
			ResolveRequiredComponents (10ms)
	FinalizeReload (7031ms)
		ReleaseScriptCaches (0ms)
		RebuildScriptCaches (0ms)
		SetupLoadedEditorAssemblies (575ms)
			LogAssemblyErrors (0ms)
			InitializePlatformSupportModulesInManaged (13ms)
			SetLoadedEditorAssemblies (3ms)
			RefreshPlugins (0ms)
			BeforeProcessingInitializeOnLoad (68ms)
			ProcessInitializeOnLoadAttributes (399ms)
			ProcessInitializeOnLoadMethodAttributes (89ms)
			AfterProcessingInitializeOnLoad (2ms)
			EditorAssembliesLoaded (0ms)
		ExecutionOrderSort2 (0ms)
		AwakeInstancesAfterBackupRestoration (9ms)
Shader 'Oculus/OVRMRCameraFrameLit': fallback shader 'Alpha-Diffuse' not found
Shader 'Meta/MRUK/Scene/HighlightsAndShadows': fallback shader 'Off' not found
Refreshing native plugins compatible for Editor in 8.41 ms, found 19 plugins.
Preloading 3 native plugins for Editor in 0.11 ms.
Unloading 6388 Unused Serialized files (Serialized files now loaded: 0)
Unloading 121 unused Assets / (471.5 KB). Loaded Objects now: 6922.
Memory consumption went from 219.7 MB to 219.3 MB.
Total: 4.257000 ms (FindLiveObjects: 0.257000 ms CreateObjectMapping: 0.104600 ms MarkObjects: 3.671700 ms  DeleteObjects: 0.222500 ms)

Prepare: number of updated asset objects reloaded= 0
AssetImportParameters requested are different than current active one (requested -> active):
  custom:container-demuxer-ogg: 62fdf1f143b41e24485cea50d1cbac27 -> 
  custom:framework-win-MediaFoundation: 216162199b28c13a410421893ffa2e32 -> 
  custom:container-muxer-webm: aa71ff27fc2769a1b78a27578f13a17b -> 
  custom:video-decoder-webm-vp8: 9c59270c3fd7afecdb556c50c9e8de78 -> 
  custom:SearchIndexIgnoredProperties: e643bd26f0fe6173181afceb89e7c659 -> 
  custom:AudioImporter_EditorPlatform: d09bf68614088b80899f8185d706f6e7 -> 
  custom:audio-decoder-ogg-vorbis: bf7c407c2cedff20999df2af8eb42d56 -> 
  custom:audio-encoder-webm-vorbis: bf7c407c2cedff20999df2af8eb42d56 -> 
  custom:video-codec-MediaFoundation-h265: 746d11721c4dcdbdad8f713fa42b33f4 -> 
  custom:video-decoder-ogg-theora: a1e56fd34408186e4bbccfd4996cb3dc -> 
  custom:CustomObjectIndexerAttribute: 9a22284fe3817be447336de3de66b15e -> 
  custom:container-demuxer-webm: 4f35f7cbe854078d1ac9338744f61a02 -> 
  custom:video-encoder-webm-vp8: eb34c28f22e8b96e1ab97ce403110664 -> 
========================================================================
Received Import Request.
  Time since last request: 314.819366 seconds.
  path: Assets/Kevin Iglesias
  artifactKey: Guid(a86395196da5642239cf75330de10d2a) Importer(815301076,1909f56bfc062723c751e8b465ee728b)
Start importing Assets/Kevin Iglesias using Guid(a86395196da5642239cf75330de10d2a) Importer(815301076,1909f56bfc062723c751e8b465ee728b) [PhysX] Initialized MultithreadedTaskDispatcher with 28 workers.
 -> (artifact id: '5e1a842f842fc371f423f673ffae0be3') in 0.001893 seconds
Number of updated asset objects reloaded before import = 0
Number of asset objects unloaded after import = 0
========================================================================
Received Prepare
Caller must complete domain reload
Begin MonoManager ReloadAssembly
Symbol file LoadedFromMemory is not a mono symbol file
- Loaded All Assemblies, in  0.311 seconds
Native extension for WindowsStandalone target not found
Native extension for Android target not found
[Package Manager] Server::EnsureServerProcessIsRunning -- launch failed, reason: Unity was launched with the -noUpm command-line argument
[Package Manager] UpmClient::Send -- Unable to send message (not connected to UPM process).
[Package Manager] Cannot connect to Unity Package Manager local server
[Package Manager] Server::EnsureServerProcessIsRunning -- launch failed, reason: Unity was launched with the -noUpm command-line argument
[Package Manager] UpmClient::Send -- Unable to send message (not connected to UPM process).
[Package Manager] Cannot connect to Unity Package Manager local server
[Package Manager] Server::EnsureServerProcessIsRunning -- launch failed, reason: Unity was launched with the -noUpm command-line argument
[Package Manager] UpmClient::Send -- Unable to send message (not connected to UPM process).
[Package Manager] Cannot connect to Unity Package Manager local server
System.Reflection.TargetInvocationException: Exception has been thrown by the target of an invocation. ---> System.NullReferenceException: Object reference not set to an instance of an object
  at Unity.XR.Oculus.OculusLoader.AssetPathToAbsolutePath (System.String assetPath) [0x0003d] in .\Library\PackageCache\com.unity.xr.oculus@4.2.0\Runtime\OculusLoader.cs:298 
  at Unity.XR.Oculus.OculusLoader.EditorLoadOVRPlugin () [0x0008c] in .\Library\PackageCache\com.unity.xr.oculus@4.2.0\Runtime\OculusLoader.cs:283 
  at (wrapper managed-to-native) System.Reflection.RuntimeMethodInfo.InternalInvoke(System.Reflection.RuntimeMethodInfo,object,object[],System.Exception&)
  at System.Reflection.RuntimeMethodInfo.Invoke (System.Object obj, System.Reflection.BindingFlags invokeAttr, System.Reflection.Binder binder, System.Object[] parameters, System.Globalization.CultureInfo culture) [0x0006a] in <8ce0bd04a7a04b4b9395538239d3fdd8>:0 
   --- End of inner exception stack trace ---
  at System.Reflection.RuntimeMethodInfo.Invoke (System.Object obj, System.Reflection.BindingFlags invokeAttr, System.Reflection.Binder binder, System.Object[] parameters, System.Globalization.CultureInfo culture) [0x00083] in <8ce0bd04a7a04b4b9395538239d3fdd8>:0 
  at System.Reflection.MethodBase.Invoke (System.Object obj, System.Object[] parameters) [0x00000] in <8ce0bd04a7a04b4b9395538239d3fdd8>:0 
  at UnityEditor.EditorAssemblies.ProcessInitializeOnLoadMethodAttributes () [0x000a5] in <e0a2c8363ef54a6393fed120beebdb7a>:0 
UnityEngine.StackTraceUtility:ExtractStackTrace ()
UnityEngine.DebugLogHandler:LogFormat (UnityEngine.LogType,UnityEngine.Object,string,object[])
UnityEngine.Logger:Log (UnityEngine.LogType,object)
UnityEngine.Debug:LogError (object)
UnityEditor.EditorAssemblies:ProcessInitializeOnLoadMethodAttributes ()

Mono: successfully reloaded assembly
[Package Manager] Server::EnsureServerProcessIsRunning -- launch failed, reason: Unity was launched with the -noUpm command-line argument
[Package Manager] UpmClient::Send -- Unable to send message (not connected to UPM process).
[Package Manager] Cannot connect to Unity Package Manager local server
- Finished resetting the current domain, in  0.877 seconds
Domain Reload Profiling: 1187ms
	BeginReloadAssembly (102ms)
		ExecutionOrderSort (0ms)
		DisableScriptedObjects (2ms)
		BackupInstance (0ms)
		ReleaseScriptingObjects (0ms)
		CreateAndSetChildDomain (28ms)
	RebuildCommonClasses (18ms)
	RebuildNativeTypeToScriptingClass (7ms)
	initialDomainReloadingComplete (14ms)
	LoadAllAssembliesAndSetupDomain (169ms)
		LoadAssemblies (199ms)
		RebuildTransferFunctionScriptingTraits (0ms)
		AnalyzeDomain (19ms)
			TypeCache.Refresh (6ms)
				TypeCache.ScanAssembly (0ms)
			ScanForSourceGeneratedMonoScriptInfo (0ms)
			ResolveRequiredComponents (11ms)
	FinalizeReload (877ms)
		ReleaseScriptCaches (0ms)
		RebuildScriptCaches (0ms)
		SetupLoadedEditorAssemblies (537ms)
			LogAssemblyErrors (0ms)
			InitializePlatformSupportModulesInManaged (10ms)
			SetLoadedEditorAssemblies (3ms)
			RefreshPlugins (0ms)
			BeforeProcessingInitializeOnLoad (59ms)
			ProcessInitializeOnLoadAttributes (408ms)
			ProcessInitializeOnLoadMethodAttributes (55ms)
			AfterProcessingInitializeOnLoad (1ms)
			EditorAssembliesLoaded (0ms)
		ExecutionOrderSort2 (0ms)
		AwakeInstancesAfterBackupRestoration (7ms)
Shader 'Oculus/OVRMRCameraFrameLit': fallback shader 'Alpha-Diffuse' not found
Shader 'Meta/MRUK/Scene/HighlightsAndShadows': fallback shader 'Off' not found
Refreshing native plugins compatible for Editor in 17.61 ms, found 19 plugins.
Preloading 3 native plugins for Editor in 0.19 ms.
Unloading 6388 Unused Serialized files (Serialized files now loaded: 0)
Unloading 121 unused Assets / (479.5 KB). Loaded Objects now: 6926.
Memory consumption went from 219.8 MB to 219.3 MB.
Total: 4.584900 ms (FindLiveObjects: 0.288300 ms CreateObjectMapping: 0.123400 ms MarkObjects: 3.931700 ms  DeleteObjects: 0.240700 ms)

Prepare: number of updated asset objects reloaded= 0
AssetImportParameters requested are different than current active one (requested -> active):
  custom:container-demuxer-ogg: 62fdf1f143b41e24485cea50d1cbac27 -> 
  custom:framework-win-MediaFoundation: 216162199b28c13a410421893ffa2e32 -> 
  custom:container-muxer-webm: aa71ff27fc2769a1b78a27578f13a17b -> 
  custom:video-decoder-webm-vp8: 9c59270c3fd7afecdb556c50c9e8de78 -> 
  custom:SearchIndexIgnoredProperties: e643bd26f0fe6173181afceb89e7c659 -> 
  custom:AudioImporter_EditorPlatform: d09bf68614088b80899f8185d706f6e7 -> 
  custom:audio-decoder-ogg-vorbis: bf7c407c2cedff20999df2af8eb42d56 -> 
  custom:audio-encoder-webm-vorbis: bf7c407c2cedff20999df2af8eb42d56 -> 
  custom:video-codec-MediaFoundation-h265: 746d11721c4dcdbdad8f713fa42b33f4 -> 
  custom:video-decoder-ogg-theora: a1e56fd34408186e4bbccfd4996cb3dc -> 
  custom:CustomObjectIndexerAttribute: 9a22284fe3817be447336de3de66b15e -> 
  custom:container-demuxer-webm: 4f35f7cbe854078d1ac9338744f61a02 -> 
  custom:video-encoder-webm-vp8: eb34c28f22e8b96e1ab97ce403110664 -> 
========================================================================
Received Prepare
Caller must complete domain reload
Begin MonoManager ReloadAssembly
Symbol file LoadedFromMemory is not a mono symbol file
- Loaded All Assemblies, in  0.325 seconds
Native extension for WindowsStandalone target not found
Native extension for Android target not found
[Package Manager] Server::EnsureServerProcessIsRunning -- launch failed, reason: Unity was launched with the -noUpm command-line argument
[Package Manager] UpmClient::Send -- Unable to send message (not connected to UPM process).
[Package Manager] Cannot connect to Unity Package Manager local server
[Package Manager] Server::EnsureServerProcessIsRunning -- launch failed, reason: Unity was launched with the -noUpm command-line argument
[Package Manager] UpmClient::Send -- Unable to send message (not connected to UPM process).
[Package Manager] Cannot connect to Unity Package Manager local server
[Package Manager] Server::EnsureServerProcessIsRunning -- launch failed, reason: Unity was launched with the -noUpm command-line argument
[Package Manager] UpmClient::Send -- Unable to send message (not connected to UPM process).
[Package Manager] Cannot connect to Unity Package Manager local server
System.Reflection.TargetInvocationException: Exception has been thrown by the target of an invocation. ---> System.NullReferenceException: Object reference not set to an instance of an object
  at Unity.XR.Oculus.OculusLoader.AssetPathToAbsolutePath (System.String assetPath) [0x0003d] in .\Library\PackageCache\com.unity.xr.oculus@4.2.0\Runtime\OculusLoader.cs:298 
  at Unity.XR.Oculus.OculusLoader.EditorLoadOVRPlugin () [0x0008c] in .\Library\PackageCache\com.unity.xr.oculus@4.2.0\Runtime\OculusLoader.cs:283 
  at (wrapper managed-to-native) System.Reflection.RuntimeMethodInfo.InternalInvoke(System.Reflection.RuntimeMethodInfo,object,object[],System.Exception&)
  at System.Reflection.RuntimeMethodInfo.Invoke (System.Object obj, System.Reflection.BindingFlags invokeAttr, System.Reflection.Binder binder, System.Object[] parameters, System.Globalization.CultureInfo culture) [0x0006a] in <8ce0bd04a7a04b4b9395538239d3fdd8>:0 
   --- End of inner exception stack trace ---
  at System.Reflection.RuntimeMethodInfo.Invoke (System.Object obj, System.Reflection.BindingFlags invokeAttr, System.Reflection.Binder binder, System.Object[] parameters, System.Globalization.CultureInfo culture) [0x00083] in <8ce0bd04a7a04b4b9395538239d3fdd8>:0 
  at System.Reflection.MethodBase.Invoke (System.Object obj, System.Object[] parameters) [0x00000] in <8ce0bd04a7a04b4b9395538239d3fdd8>:0 
  at UnityEditor.EditorAssemblies.ProcessInitializeOnLoadMethodAttributes () [0x000a5] in <e0a2c8363ef54a6393fed120beebdb7a>:0 
UnityEngine.StackTraceUtility:ExtractStackTrace ()
UnityEngine.DebugLogHandler:LogFormat (UnityEngine.LogType,UnityEngine.Object,string,object[])
UnityEngine.Logger:Log (UnityEngine.LogType,object)
UnityEngine.Debug:LogError (object)
UnityEditor.EditorAssemblies:ProcessInitializeOnLoadMethodAttributes ()

Mono: successfully reloaded assembly
[Package Manager] Server::EnsureServerProcessIsRunning -- launch failed, reason: Unity was launched with the -noUpm command-line argument
[Package Manager] UpmClient::Send -- Unable to send message (not connected to UPM process).
[Package Manager] Cannot connect to Unity Package Manager local server
- Finished resetting the current domain, in  0.929 seconds
Domain Reload Profiling: 1254ms
	BeginReloadAssembly (105ms)
		ExecutionOrderSort (0ms)
		DisableScriptedObjects (2ms)
		BackupInstance (0ms)
		ReleaseScriptingObjects (0ms)
		CreateAndSetChildDomain (26ms)
	RebuildCommonClasses (21ms)
	RebuildNativeTypeToScriptingClass (7ms)
	initialDomainReloadingComplete (15ms)
	LoadAllAssembliesAndSetupDomain (175ms)
		LoadAssemblies (209ms)
		RebuildTransferFunctionScriptingTraits (0ms)
		AnalyzeDomain (19ms)
			TypeCache.Refresh (6ms)
				TypeCache.ScanAssembly (0ms)
			ScanForSourceGeneratedMonoScriptInfo (0ms)
			ResolveRequiredComponents (12ms)
	FinalizeReload (930ms)
		ReleaseScriptCaches (0ms)
		RebuildScriptCaches (0ms)
		SetupLoadedEditorAssemblies (546ms)
			LogAssemblyErrors (0ms)
			InitializePlatformSupportModulesInManaged (11ms)
			SetLoadedEditorAssemblies (3ms)
			RefreshPlugins (0ms)
			BeforeProcessingInitializeOnLoad (63ms)
			ProcessInitializeOnLoadAttributes (407ms)
			ProcessInitializeOnLoadMethodAttributes (59ms)
			AfterProcessingInitializeOnLoad (2ms)
			EditorAssembliesLoaded (0ms)
		ExecutionOrderSort2 (0ms)
		AwakeInstancesAfterBackupRestoration (8ms)
Shader 'Oculus/OVRMRCameraFrameLit': fallback shader 'Alpha-Diffuse' not found
Shader 'Meta/MRUK/Scene/HighlightsAndShadows': fallback shader 'Off' not found
Refreshing native plugins compatible for Editor in 26.38 ms, found 19 plugins.
Preloading 3 native plugins for Editor in 0.24 ms.
Unloading 6389 Unused Serialized files (Serialized files now loaded: 0)
Unloading 121 unused Assets / (487.6 KB). Loaded Objects now: 6930.
Memory consumption went from 220.0 MB to 219.6 MB.
Total: 5.657000 ms (FindLiveObjects: 0.354900 ms CreateObjectMapping: 0.154900 ms MarkObjects: 4.840300 ms  DeleteObjects: 0.305800 ms)

Prepare: number of updated asset objects reloaded= 0
AssetImportParameters requested are different than current active one (requested -> active):
  custom:container-demuxer-ogg: 62fdf1f143b41e24485cea50d1cbac27 -> 
  custom:framework-win-MediaFoundation: 216162199b28c13a410421893ffa2e32 -> 
  custom:container-muxer-webm: aa71ff27fc2769a1b78a27578f13a17b -> 
  custom:video-decoder-webm-vp8: 9c59270c3fd7afecdb556c50c9e8de78 -> 
  custom:SearchIndexIgnoredProperties: e643bd26f0fe6173181afceb89e7c659 -> 
  custom:AudioImporter_EditorPlatform: d09bf68614088b80899f8185d706f6e7 -> 
  custom:audio-decoder-ogg-vorbis: bf7c407c2cedff20999df2af8eb42d56 -> 
  custom:audio-encoder-webm-vorbis: bf7c407c2cedff20999df2af8eb42d56 -> 
  custom:video-codec-MediaFoundation-h265: 746d11721c4dcdbdad8f713fa42b33f4 -> 
  custom:video-decoder-ogg-theora: a1e56fd34408186e4bbccfd4996cb3dc -> 
  custom:CustomObjectIndexerAttribute: 9a22284fe3817be447336de3de66b15e -> 
  custom:container-demuxer-webm: 4f35f7cbe854078d1ac9338744f61a02 -> 
  custom:video-encoder-webm-vp8: eb34c28f22e8b96e1ab97ce403110664 -> 
========================================================================
Received Import Request.
  Time since last request: 814.230596 seconds.
  path: Assets/Modular Castle/Assets
  artifactKey: Guid(a4ac5ba41da483b4b9fb2f082aa24942) Importer(815301076,1909f56bfc062723c751e8b465ee728b)
Start importing Assets/Modular Castle/Assets using Guid(a4ac5ba41da483b4b9fb2f082aa24942) Importer(815301076,1909f56bfc062723c751e8b465ee728b) [PhysX] Initialized MultithreadedTaskDispatcher with 28 workers.
 -> (artifact id: 'eb9960a74cb2bf49fa5e873c72432543') in 0.002711 seconds
Number of updated asset objects reloaded before import = 0
Number of asset objects unloaded after import = 0
========================================================================
Received Import Request.
  Time since last request: 1.705194 seconds.
  path: Assets/Modular Castle/Assets/models
  artifactKey: Guid(1f688e5f281f76348ae3d5f8663f4e0d) Importer(815301076,1909f56bfc062723c751e8b465ee728b)
Start importing Assets/Modular Castle/Assets/models using Guid(1f688e5f281f76348ae3d5f8663f4e0d) Importer(815301076,1909f56bfc062723c751e8b465ee728b) [PhysX] Initialized MultithreadedTaskDispatcher with 28 workers.
 -> (artifact id: '6bfdc24faab8be3ca59edd2dcb344893') in 0.000391 seconds
Number of updated asset objects reloaded before import = 0
Number of asset objects unloaded after import = 0
========================================================================
Received Import Request.
  Time since last request: 0.077238 seconds.
  path: Assets/Modular Castle/Assets/models/castle.fbx
  artifactKey: Guid(a7cc7f41ce50a474aa1df610be0b810f) Importer(815301076,1909f56bfc062723c751e8b465ee728b)
Start importing Assets/Modular Castle/Assets/models/castle.fbx using Guid(a7cc7f41ce50a474aa1df610be0b810f) Importer(815301076,1909f56bfc062723c751e8b465ee728b) [PhysX] Initialized MultithreadedTaskDispatcher with 28 workers.
[PhysX] Initialized MultithreadedTaskDispatcher with 28 workers.
[PhysX] Initialized MultithreadedTaskDispatcher with 28 workers.
[PhysX] Initialized MultithreadedTaskDispatcher with 28 workers.
[PhysX] Initialized MultithreadedTaskDispatcher with 28 workers.
[PhysX] Initialized MultithreadedTaskDispatcher with 28 workers.
[PhysX] Initialized MultithreadedTaskDispatcher with 28 workers.
[PhysX] Initialized MultithreadedTaskDispatcher with 28 workers.
[PhysX] Initialized MultithreadedTaskDispatcher with 28 workers.
[PhysX] Initialized MultithreadedTaskDispatcher with 28 workers.
[PhysX] Initialized MultithreadedTaskDispatcher with 28 workers.
[PhysX] Initialized MultithreadedTaskDispatcher with 28 workers.
[PhysX] Initialized MultithreadedTaskDispatcher with 28 workers.
[PhysX] Initialized MultithreadedTaskDispatcher with 28 workers.
[PhysX] Initialized MultithreadedTaskDispatcher with 28 workers.
[PhysX] Initialized MultithreadedTaskDispatcher with 28 workers.
[PhysX] Initialized MultithreadedTaskDispatcher with 28 workers.
[PhysX] Initialized MultithreadedTaskDispatcher with 28 workers.
[PhysX] Initialized MultithreadedTaskDispatcher with 28 workers.
[PhysX] Initialized MultithreadedTaskDispatcher with 28 workers.
[PhysX] Initialized MultithreadedTaskDispatcher with 28 workers.
[PhysX] Initialized MultithreadedTaskDispatcher with 28 workers.
[PhysX] Initialized MultithreadedTaskDispatcher with 28 workers.
[PhysX] Initialized MultithreadedTaskDispatcher with 28 workers.
[PhysX] Initialized MultithreadedTaskDispatcher with 28 workers.
[PhysX] Initialized MultithreadedTaskDispatcher with 28 workers.
[PhysX] Initialized MultithreadedTaskDispatcher with 28 workers.
[PhysX] Initialized MultithreadedTaskDispatcher with 28 workers.
[PhysX] Initialized MultithreadedTaskDispatcher with 28 workers.
[PhysX] Initialized MultithreadedTaskDispatcher with 28 workers.
[PhysX] Initialized MultithreadedTaskDispatcher with 28 workers.
[PhysX] Initialized MultithreadedTaskDispatcher with 28 workers.
[PhysX] Initialized MultithreadedTaskDispatcher with 28 workers.
[PhysX] Initialized MultithreadedTaskDispatcher with 28 workers.
[PhysX] Initialized MultithreadedTaskDispatcher with 28 workers.
[PhysX] Initialized MultithreadedTaskDispatcher with 28 workers.
[PhysX] Initialized MultithreadedTaskDispatcher with 28 workers.
[PhysX] Initialized MultithreadedTaskDispatcher with 28 workers.
[PhysX] Initialized MultithreadedTaskDispatcher with 28 workers.
[PhysX] Initialized MultithreadedTaskDispatcher with 28 workers.
[PhysX] Initialized MultithreadedTaskDispatcher with 28 workers.
[PhysX] Initialized MultithreadedTaskDispatcher with 28 workers.
[PhysX] Initialized MultithreadedTaskDispatcher with 28 workers.
[PhysX] Initialized MultithreadedTaskDispatcher with 28 workers.
[PhysX] Initialized MultithreadedTaskDispatcher with 28 workers.
[PhysX] Initialized MultithreadedTaskDispatcher with 28 workers.
[PhysX] Initialized MultithreadedTaskDispatcher with 28 workers.
[PhysX] Initialized MultithreadedTaskDispatcher with 28 workers.
[PhysX] Initialized MultithreadedTaskDispatcher with 28 workers.
[PhysX] Initialized MultithreadedTaskDispatcher with 28 workers.
[PhysX] Initialized MultithreadedTaskDispatcher with 28 workers.
[PhysX] Initialized MultithreadedTaskDispatcher with 28 workers.
[PhysX] Initialized MultithreadedTaskDispatcher with 28 workers.
[PhysX] Initialized MultithreadedTaskDispatcher with 28 workers.
[PhysX] Initialized MultithreadedTaskDispatcher with 28 workers.
[PhysX] Initialized MultithreadedTaskDispatcher with 28 workers.
[PhysX] Initialized MultithreadedTaskDispatcher with 28 workers.
[PhysX] Initialized MultithreadedTaskDispatcher with 28 workers.
[PhysX] Initialized MultithreadedTaskDispatcher with 28 workers.
[PhysX] Initialized MultithreadedTaskDispatcher with 28 workers.
[PhysX] Initialized MultithreadedTaskDispatcher with 28 workers.
[PhysX] Initialized MultithreadedTaskDispatcher with 28 workers.
[PhysX] Initialized MultithreadedTaskDispatcher with 28 workers.
[PhysX] Initialized MultithreadedTaskDispatcher with 28 workers.
[PhysX] Initialized MultithreadedTaskDispatcher with 28 workers.
[PhysX] Initialized MultithreadedTaskDispatcher with 28 workers.
[PhysX] Initialized MultithreadedTaskDispatcher with 28 workers.
[PhysX] Initialized MultithreadedTaskDispatcher with 28 workers.
[PhysX] Initialized MultithreadedTaskDispatcher with 28 workers.
[PhysX] Initialized MultithreadedTaskDispatcher with 28 workers.
[PhysX] Initialized MultithreadedTaskDispatcher with 28 workers.
[PhysX] Initialized MultithreadedTaskDispatcher with 28 workers.
[PhysX] Initialized MultithreadedTaskDispatcher with 28 workers.
[PhysX] Initialized MultithreadedTaskDispatcher with 28 workers.
[PhysX] Initialized MultithreadedTaskDispatcher with 28 workers.
[PhysX] Initialized MultithreadedTaskDispatcher with 28 workers.
[PhysX] Initialized MultithreadedTaskDispatcher with 28 workers.
[PhysX] Initialized MultithreadedTaskDispatcher with 28 workers.
[PhysX] Initialized MultithreadedTaskDispatcher with 28 workers.
[PhysX] Initialized MultithreadedTaskDispatcher with 28 workers.
[PhysX] Initialized MultithreadedTaskDispatcher with 28 workers.
[PhysX] Initialized MultithreadedTaskDispatcher with 28 workers.
[PhysX] Initialized MultithreadedTaskDispatcher with 28 workers.
[PhysX] Initialized MultithreadedTaskDispatcher with 28 workers.
[PhysX] Initialized MultithreadedTaskDispatcher with 28 workers.
[PhysX] Initialized MultithreadedTaskDispatcher with 28 workers.
[PhysX] Initialized MultithreadedTaskDispatcher with 28 workers.
[PhysX] Initialized MultithreadedTaskDispatcher with 28 workers.
[PhysX] Initialized MultithreadedTaskDispatcher with 28 workers.
[PhysX] Initialized MultithreadedTaskDispatcher with 28 workers.
[PhysX] Initialized MultithreadedTaskDispatcher with 28 workers.
[PhysX] Initialized MultithreadedTaskDispatcher with 28 workers.
[PhysX] Initialized MultithreadedTaskDispatcher with 28 workers.
[PhysX] Initialized MultithreadedTaskDispatcher with 28 workers.
[PhysX] Initialized MultithreadedTaskDispatcher with 28 workers.
[PhysX] Initialized MultithreadedTaskDispatcher with 28 workers.
[PhysX] Initialized MultithreadedTaskDispatcher with 28 workers.
[PhysX] Initialized MultithreadedTaskDispatcher with 28 workers.
[PhysX] Initialized MultithreadedTaskDispatcher with 28 workers.
[PhysX] Initialized MultithreadedTaskDispatcher with 28 workers.
[PhysX] Initialized MultithreadedTaskDispatcher with 28 workers.
[PhysX] Initialized MultithreadedTaskDispatcher with 28 workers.
[PhysX] Initialized MultithreadedTaskDispatcher with 28 workers.
[PhysX] Initialized MultithreadedTaskDispatcher with 28 workers.
 -> (artifact id: 'eafdac1731069d0dbdf677c1514f0fdb') in 0.587565 seconds
Number of updated asset objects reloaded before import = 0
Number of asset objects unloaded after import = 264
========================================================================
Received Import Request.
  Time since last request: 1.523893 seconds.
  path: Assets/Modular Castle/Assets/Materials/castle.mat
  artifactKey: Guid(72f445fef8019584a84beb496a2ac491) Importer(815301076,1909f56bfc062723c751e8b465ee728b)
Start importing Assets/Modular Castle/Assets/Materials/castle.mat using Guid(72f445fef8019584a84beb496a2ac491) Importer(815301076,1909f56bfc062723c751e8b465ee728b) [PhysX] Initialized MultithreadedTaskDispatcher with 28 workers.
[PhysX] Initialized MultithreadedTaskDispatcher with 28 workers.
 -> (artifact id: '79c49f7450af35f3d74a1e35284bb273') in 0.022610 seconds
Number of updated asset objects reloaded before import = 0
Number of asset objects unloaded after import = 3
========================================================================
Received Import Request.
  Time since last request: 0.000013 seconds.
  path: Assets/Modular Castle/Assets/Materials/light.mat
  artifactKey: Guid(2f9423c83026ebb4fa30338b0fc7c8f3) Importer(815301076,1909f56bfc062723c751e8b465ee728b)
Start importing Assets/Modular Castle/Assets/Materials/light.mat using Guid(2f9423c83026ebb4fa30338b0fc7c8f3) Importer(815301076,1909f56bfc062723c751e8b465ee728b) [PhysX] Initialized MultithreadedTaskDispatcher with 28 workers.
[PhysX] Initialized MultithreadedTaskDispatcher with 28 workers.
 -> (artifact id: '3be956f6843951011cbaf0686afdb85c') in 0.006172 seconds
Number of updated asset objects reloaded before import = 0
Number of asset objects unloaded after import = 2
========================================================================
Received Import Request.
  Time since last request: 1.162312 seconds.
  path: Assets/Modular Castle/Assets/particles/fire1.prefab
  artifactKey: Guid(c1f1c6a173fc5a34aae675702b69445a) Importer(815301076,1909f56bfc062723c751e8b465ee728b)
Start importing Assets/Modular Castle/Assets/particles/fire1.prefab using Guid(c1f1c6a173fc5a34aae675702b69445a) Importer(815301076,1909f56bfc062723c751e8b465ee728b) [PhysX] Initialized MultithreadedTaskDispatcher with 28 workers.
[PhysX] Initialized MultithreadedTaskDispatcher with 28 workers.
 -> (artifact id: '08842fd26bf67e9f62d2ae7525c361e1') in 0.008336 seconds
Number of updated asset objects reloaded before import = 0
Number of asset objects unloaded after import = 11
========================================================================
Received Import Request.
  Time since last request: 1.529409 seconds.
  path: Assets/Modular Castle/Assets/prefabs/axe.prefab
  artifactKey: Guid(16b050d469263fb4199ffa2bcf18bc6e) Importer(815301076,1909f56bfc062723c751e8b465ee728b)
Start importing Assets/Modular Castle/Assets/prefabs/axe.prefab using Guid(16b050d469263fb4199ffa2bcf18bc6e) Importer(815301076,1909f56bfc062723c751e8b465ee728b) [PhysX] Initialized MultithreadedTaskDispatcher with 28 workers.
[PhysX] Initialized MultithreadedTaskDispatcher with 28 workers.
 -> (artifact id: '8e38947ad52e23c4351f18c30c680083') in 0.027449 seconds
Number of updated asset objects reloaded before import = 0
Number of asset objects unloaded after import = 10
========================================================================
Received Import Request.
  Time since last request: 0.000015 seconds.
  path: Assets/Modular Castle/Assets/prefabs/candle1.prefab
  artifactKey: Guid(54267a896609f27488a9af10dbd11557) Importer(815301076,1909f56bfc062723c751e8b465ee728b)
Start importing Assets/Modular Castle/Assets/prefabs/candle1.prefab using Guid(54267a896609f27488a9af10dbd11557) Importer(815301076,1909f56bfc062723c751e8b465ee728b) [PhysX] Initialized MultithreadedTaskDispatcher with 28 workers.
[PhysX] Initialized MultithreadedTaskDispatcher with 28 workers.
 -> (artifact id: '93d527b48bc41e2a8d003dbbf5f5207f') in 0.037216 seconds
Number of updated asset objects reloaded before import = 0
Number of asset objects unloaded after import = 10
========================================================================
Received Import Request.
  Time since last request: 0.000024 seconds.
  path: Assets/Modular Castle/Assets/prefabs/decoration2.prefab
  artifactKey: Guid(c7b19c08f7e17a24ba76c6017f0528ff) Importer(815301076,1909f56bfc062723c751e8b465ee728b)
Start importing Assets/Modular Castle/Assets/prefabs/decoration2.prefab using Guid(c7b19c08f7e17a24ba76c6017f0528ff) Importer(815301076,1909f56bfc062723c751e8b465ee728b) [PhysX] Initialized MultithreadedTaskDispatcher with 28 workers.
[PhysX] Initialized MultithreadedTaskDispatcher with 28 workers.
 -> (artifact id: '025316d601dcf6df2e00249acee640f4') in 0.017675 seconds
Number of updated asset objects reloaded before import = 0
Number of asset objects unloaded after import = 10
========================================================================
Received Import Request.
  Time since last request: 0.000018 seconds.
  path: Assets/Modular Castle/Assets/prefabs/wall3.prefab
  artifactKey: Guid(edf36f15892d1fb4d913feaa9b0a6dc3) Importer(815301076,1909f56bfc062723c751e8b465ee728b)
Start importing Assets/Modular Castle/Assets/prefabs/wall3.prefab using Guid(edf36f15892d1fb4d913feaa9b0a6dc3) Importer(815301076,1909f56bfc062723c751e8b465ee728b) [PhysX] Initialized MultithreadedTaskDispatcher with 28 workers.
[PhysX] Initialized MultithreadedTaskDispatcher with 28 workers.
 -> (artifact id: '169dbaa275a59f57ba2cb06e10fa1088') in 0.018641 seconds
Number of updated asset objects reloaded before import = 0
Number of asset objects unloaded after import = 10
========================================================================
Received Import Request.
  Time since last request: 0.000012 seconds.
  path: Assets/Modular Castle/Assets/prefabs/box1.prefab
  artifactKey: Guid(a67e15b1ca208c641a5b4e1e20844590) Importer(815301076,1909f56bfc062723c751e8b465ee728b)
Start importing Assets/Modular Castle/Assets/prefabs/box1.prefab using Guid(a67e15b1ca208c641a5b4e1e20844590) Importer(815301076,1909f56bfc062723c751e8b465ee728b) [PhysX] Initialized MultithreadedTaskDispatcher with 28 workers.
[PhysX] Initialized MultithreadedTaskDispatcher with 28 workers.
 -> (artifact id: '074e6defae33107c212e8f36aebacfc4') in 0.009352 seconds
Number of updated asset objects reloaded before import = 0
Number of asset objects unloaded after import = 10
========================================================================
Received Import Request.
  Time since last request: 0.000013 seconds.
  path: Assets/Modular Castle/Assets/prefabs/floor1.prefab
  artifactKey: Guid(64cb684f38ab4e547a77225cd823cf62) Importer(815301076,1909f56bfc062723c751e8b465ee728b)
Start importing Assets/Modular Castle/Assets/prefabs/floor1.prefab using Guid(64cb684f38ab4e547a77225cd823cf62) Importer(815301076,1909f56bfc062723c751e8b465ee728b) [PhysX] Initialized MultithreadedTaskDispatcher with 28 workers.
[PhysX] Initialized MultithreadedTaskDispatcher with 28 workers.
 -> (artifact id: '9d854eba0a725d5db77c332a1adcffae') in 0.008915 seconds
Number of updated asset objects reloaded before import = 0
Number of asset objects unloaded after import = 10
========================================================================
Received Import Request.
  Time since last request: 0.000010 seconds.
  path: Assets/Modular Castle/Assets/prefabs/pillar_small1.prefab
  artifactKey: Guid(f18c80e40f3eae04a943a2e61d870d14) Importer(815301076,1909f56bfc062723c751e8b465ee728b)
Start importing Assets/Modular Castle/Assets/prefabs/pillar_small1.prefab using Guid(f18c80e40f3eae04a943a2e61d870d14) Importer(815301076,1909f56bfc062723c751e8b465ee728b) [PhysX] Initialized MultithreadedTaskDispatcher with 28 workers.
[PhysX] Initialized MultithreadedTaskDispatcher with 28 workers.
 -> (artifact id: '653487d061bc7b70284b7491b7c2ce18') in 0.010876 seconds
Number of updated asset objects reloaded before import = 0
Number of asset objects unloaded after import = 10
========================================================================
Received Import Request.
  Time since last request: 0.000013 seconds.
  path: Assets/Modular Castle/Assets/prefabs/mannequin.prefab
  artifactKey: Guid(16d6f63f1f03dc64c8c86de4122100c6) Importer(815301076,1909f56bfc062723c751e8b465ee728b)
Start importing Assets/Modular Castle/Assets/prefabs/mannequin.prefab using Guid(16d6f63f1f03dc64c8c86de4122100c6) Importer(815301076,1909f56bfc062723c751e8b465ee728b) [PhysX] Initialized MultithreadedTaskDispatcher with 28 workers.
[PhysX] Initialized MultithreadedTaskDispatcher with 28 workers.
 -> (artifact id: '428a7929ea9c59dd8b46984795eb2723') in 0.009450 seconds
Number of updated asset objects reloaded before import = 0
Number of asset objects unloaded after import = 10
========================================================================
Received Import Request.
  Time since last request: 0.000017 seconds.
  path: Assets/Modular Castle/Assets/prefabs/sword.prefab
  artifactKey: Guid(c34a67cb83e3b5449b55243207b1b621) Importer(815301076,1909f56bfc062723c751e8b465ee728b)
Start importing Assets/Modular Castle/Assets/prefabs/sword.prefab using Guid(c34a67cb83e3b5449b55243207b1b621) Importer(815301076,1909f56bfc062723c751e8b465ee728b) [PhysX] Initialized MultithreadedTaskDispatcher with 28 workers.
[PhysX] Initialized MultithreadedTaskDispatcher with 28 workers.
 -> (artifact id: '6c641172e6de920819e421d058f3f2cb') in 0.009717 seconds
Number of updated asset objects reloaded before import = 0
Number of asset objects unloaded after import = 10
========================================================================
Received Import Request.
  Time since last request: 0.000013 seconds.
  path: Assets/Modular Castle/Assets/prefabs/candle3.prefab
  artifactKey: Guid(635c0c417a0e8354ab3fbaf97c4820db) Importer(815301076,1909f56bfc062723c751e8b465ee728b)
Start importing Assets/Modular Castle/Assets/prefabs/candle3.prefab using Guid(635c0c417a0e8354ab3fbaf97c4820db) Importer(815301076,1909f56bfc062723c751e8b465ee728b) [PhysX] Initialized MultithreadedTaskDispatcher with 28 workers.
[PhysX] Initialized MultithreadedTaskDispatcher with 28 workers.
 -> (artifact id: '059269ccf18285429ac2e440fc2c6689') in 0.009767 seconds
Number of updated asset objects reloaded before import = 0
Number of asset objects unloaded after import = 10
========================================================================
Received Import Request.
  Time since last request: 0.000013 seconds.
  path: Assets/Modular Castle/Assets/prefabs/box.prefab
  artifactKey: Guid(8799b841d75370f44ba4ccf79bc7658b) Importer(815301076,1909f56bfc062723c751e8b465ee728b)
Start importing Assets/Modular Castle/Assets/prefabs/box.prefab using Guid(8799b841d75370f44ba4ccf79bc7658b) Importer(815301076,1909f56bfc062723c751e8b465ee728b) [PhysX] Initialized MultithreadedTaskDispatcher with 28 workers.
[PhysX] Initialized MultithreadedTaskDispatcher with 28 workers.
 -> (artifact id: 'cf8ed02827b31a95cef8a3d4cbdef017') in 0.009898 seconds
Number of updated asset objects reloaded before import = 0
Number of asset objects unloaded after import = 15
========================================================================
Received Import Request.
  Time since last request: 0.000012 seconds.
  path: Assets/Modular Castle/Assets/prefabs/pillar1.prefab
  artifactKey: Guid(7250e3ee64608cf4ebd2df16b04e2e4b) Importer(815301076,1909f56bfc062723c751e8b465ee728b)
Start importing Assets/Modular Castle/Assets/prefabs/pillar1.prefab using Guid(7250e3ee64608cf4ebd2df16b04e2e4b) Importer(815301076,1909f56bfc062723c751e8b465ee728b) [PhysX] Initialized MultithreadedTaskDispatcher with 28 workers.
[PhysX] Initialized MultithreadedTaskDispatcher with 28 workers.
 -> (artifact id: '6c2f8ce0f5d43c53fcdeea5bf0760fda') in 0.009130 seconds
Number of updated asset objects reloaded before import = 0
Number of asset objects unloaded after import = 10
========================================================================
Received Import Request.
  Time since last request: 0.000013 seconds.
  path: Assets/Modular Castle/Assets/prefabs/wall2.prefab
  artifactKey: Guid(15a08d7d20037d54a9c4a4a557df23e4) Importer(815301076,1909f56bfc062723c751e8b465ee728b)
Start importing Assets/Modular Castle/Assets/prefabs/wall2.prefab using Guid(15a08d7d20037d54a9c4a4a557df23e4) Importer(815301076,1909f56bfc062723c751e8b465ee728b) [PhysX] Initialized MultithreadedTaskDispatcher with 28 workers.
[PhysX] Initialized MultithreadedTaskDispatcher with 28 workers.
 -> (artifact id: '4d10a844a52de621b941b50db6f59e8f') in 0.009982 seconds
Number of updated asset objects reloaded before import = 0
Number of asset objects unloaded after import = 10
========================================================================
Received Import Request.
  Time since last request: 0.000016 seconds.
  path: Assets/Modular Castle/Assets/prefabs/light.prefab
  artifactKey: Guid(597a8fc81ae1f9248b5ac19ad1e453c7) Importer(815301076,1909f56bfc062723c751e8b465ee728b)
Start importing Assets/Modular Castle/Assets/prefabs/light.prefab using Guid(597a8fc81ae1f9248b5ac19ad1e453c7) Importer(815301076,1909f56bfc062723c751e8b465ee728b) [PhysX] Initialized MultithreadedTaskDispatcher with 28 workers.
[PhysX] Initialized MultithreadedTaskDispatcher with 28 workers.
 -> (artifact id: '3268440296e6a09295c933ca36ca6ae5') in 0.007012 seconds
Number of updated asset objects reloaded before import = 0
Number of asset objects unloaded after import = 9
========================================================================
Received Import Request.
  Time since last request: 0.000015 seconds.
  path: Assets/Modular Castle/Assets/prefabs/candleholder1.prefab
  artifactKey: Guid(6bae6d1df8faaf748abc9bb8d4df81c7) Importer(815301076,1909f56bfc062723c751e8b465ee728b)
Start importing Assets/Modular Castle/Assets/prefabs/candleholder1.prefab using Guid(6bae6d1df8faaf748abc9bb8d4df81c7) Importer(815301076,1909f56bfc062723c751e8b465ee728b) [PhysX] Initialized MultithreadedTaskDispatcher with 28 workers.
[PhysX] Initialized MultithreadedTaskDispatcher with 28 workers.
 -> (artifact id: 'd7d0b67459eeb3666b6f2ad913c90272') in 0.009214 seconds
Number of updated asset objects reloaded before import = 0
Number of asset objects unloaded after import = 10
========================================================================
Received Import Request.
  Time since last request: 0.000012 seconds.
  path: Assets/Modular Castle/Assets/prefabs/litter1.prefab
  artifactKey: Guid(d2bf29c4c2836f1439107ad7e08dd160) Importer(815301076,1909f56bfc062723c751e8b465ee728b)
Start importing Assets/Modular Castle/Assets/prefabs/litter1.prefab using Guid(d2bf29c4c2836f1439107ad7e08dd160) Importer(815301076,1909f56bfc062723c751e8b465ee728b) [PhysX] Initialized MultithreadedTaskDispatcher with 28 workers.
[PhysX] Initialized MultithreadedTaskDispatcher with 28 workers.
 -> (artifact id: '1edf1b62add5986d0f41c910c33d5028') in 0.009487 seconds
Number of updated asset objects reloaded before import = 0
Number of asset objects unloaded after import = 10
========================================================================
Received Import Request.
  Time since last request: 0.000015 seconds.
  path: Assets/Modular Castle/Assets/prefabs/helmet.prefab
  artifactKey: Guid(d7f215de872d78e48aece7c979158bd9) Importer(815301076,1909f56bfc062723c751e8b465ee728b)
Start importing Assets/Modular Castle/Assets/prefabs/helmet.prefab using Guid(d7f215de872d78e48aece7c979158bd9) Importer(815301076,1909f56bfc062723c751e8b465ee728b) [PhysX] Initialized MultithreadedTaskDispatcher with 28 workers.
[PhysX] Initialized MultithreadedTaskDispatcher with 28 workers.
 -> (artifact id: '255f0c8604cd9fb48ebbfe71376fa975') in 0.009792 seconds
Number of updated asset objects reloaded before import = 0
Number of asset objects unloaded after import = 10
========================================================================
Received Import Request.
  Time since last request: 0.000015 seconds.
  path: Assets/Modular Castle/Assets/prefabs/box2.prefab
  artifactKey: Guid(cc099d4b9ab7d3b4287693466cb6ff9e) Importer(815301076,1909f56bfc062723c751e8b465ee728b)
Start importing Assets/Modular Castle/Assets/prefabs/box2.prefab using Guid(cc099d4b9ab7d3b4287693466cb6ff9e) Importer(815301076,1909f56bfc062723c751e8b465ee728b) [PhysX] Initialized MultithreadedTaskDispatcher with 28 workers.
[PhysX] Initialized MultithreadedTaskDispatcher with 28 workers.
 -> (artifact id: 'f32700ea596de25815cee04ccef046ab') in 0.013866 seconds
Number of updated asset objects reloaded before import = 0
Number of asset objects unloaded after import = 10
========================================================================
Received Import Request.
  Time since last request: 0.000016 seconds.
  path: Assets/Modular Castle/Assets/prefabs/bed1.prefab
  artifactKey: Guid(4262c5895a7ed7f47b98ea94be746d7b) Importer(815301076,1909f56bfc062723c751e8b465ee728b)
Start importing Assets/Modular Castle/Assets/prefabs/bed1.prefab using Guid(4262c5895a7ed7f47b98ea94be746d7b) Importer(815301076,1909f56bfc062723c751e8b465ee728b) [PhysX] Initialized MultithreadedTaskDispatcher with 28 workers.
[PhysX] Initialized MultithreadedTaskDispatcher with 28 workers.
 -> (artifact id: '65e45243c9cbae80e1b97cc224f5e1e8') in 0.010332 seconds
Number of updated asset objects reloaded before import = 0
Number of asset objects unloaded after import = 10
========================================================================
Received Import Request.
  Time since last request: 0.000014 seconds.
  path: Assets/Modular Castle/Assets/prefabs/bed2.prefab
  artifactKey: Guid(603974aa53b216142bc3b923a72e69a2) Importer(815301076,1909f56bfc062723c751e8b465ee728b)
Start importing Assets/Modular Castle/Assets/prefabs/bed2.prefab using Guid(603974aa53b216142bc3b923a72e69a2) Importer(815301076,1909f56bfc062723c751e8b465ee728b) [PhysX] Initialized MultithreadedTaskDispatcher with 28 workers.
[PhysX] Initialized MultithreadedTaskDispatcher with 28 workers.
 -> (artifact id: '7a483e9cec89dc661e96dc1f31a100f6') in 0.009531 seconds
Number of updated asset objects reloaded before import = 0
Number of asset objects unloaded after import = 10
========================================================================
Received Import Request.
  Time since last request: 0.000013 seconds.
  path: Assets/Modular Castle/Assets/prefabs/stand with weapons.prefab
  artifactKey: Guid(12aa655f8b99b354ead2d832d68b25d3) Importer(815301076,1909f56bfc062723c751e8b465ee728b)
Start importing Assets/Modular Castle/Assets/prefabs/stand with weapons.prefab using Guid(12aa655f8b99b354ead2d832d68b25d3) Importer(815301076,1909f56bfc062723c751e8b465ee728b) [PhysX] Initialized MultithreadedTaskDispatcher with 28 workers.
[PhysX] Initialized MultithreadedTaskDispatcher with 28 workers.
 -> (artifact id: 'f511fb9983704eb993c9ff835dfc415f') in 0.009327 seconds
Number of updated asset objects reloaded before import = 0
Number of asset objects unloaded after import = 10
========================================================================
Received Import Request.
  Time since last request: 0.000022 seconds.
  path: Assets/Modular Castle/Assets/prefabs/carpet2.prefab
  artifactKey: Guid(35c6d94887fe5a84ba4a460acffa37ed) Importer(815301076,1909f56bfc062723c751e8b465ee728b)
Start importing Assets/Modular Castle/Assets/prefabs/carpet2.prefab using Guid(35c6d94887fe5a84ba4a460acffa37ed) Importer(815301076,1909f56bfc062723c751e8b465ee728b) [PhysX] Initialized MultithreadedTaskDispatcher with 28 workers.
[PhysX] Initialized MultithreadedTaskDispatcher with 28 workers.
 -> (artifact id: 'e254abb2c5f0c95d635e258641729a7f') in 0.012211 seconds
Number of updated asset objects reloaded before import = 0
Number of asset objects unloaded after import = 10
========================================================================
Received Import Request.
  Time since last request: 0.000015 seconds.
  path: Assets/Modular Castle/Assets/prefabs/litter2.prefab
  artifactKey: Guid(d5afe70bc0cd8744fbc4d8ca3b19957a) Importer(815301076,1909f56bfc062723c751e8b465ee728b)
Start importing Assets/Modular Castle/Assets/prefabs/litter2.prefab using Guid(d5afe70bc0cd8744fbc4d8ca3b19957a) Importer(815301076,1909f56bfc062723c751e8b465ee728b) [PhysX] Initialized MultithreadedTaskDispatcher with 28 workers.
[PhysX] Initialized MultithreadedTaskDispatcher with 28 workers.
 -> (artifact id: 'f046bc8c8848076529ae8a1b29256416') in 0.009472 seconds
Number of updated asset objects reloaded before import = 0
Number of asset objects unloaded after import = 10
========================================================================
Received Import Request.
  Time since last request: 0.000013 seconds.
  path: Assets/Modular Castle/Assets/prefabs/mannequin_armor.prefab
  artifactKey: Guid(e6188d8b8dc4a3648b2d90a9707953dc) Importer(815301076,1909f56bfc062723c751e8b465ee728b)
Start importing Assets/Modular Castle/Assets/prefabs/mannequin_armor.prefab using Guid(e6188d8b8dc4a3648b2d90a9707953dc) Importer(815301076,1909f56bfc062723c751e8b465ee728b) [PhysX] Initialized MultithreadedTaskDispatcher with 28 workers.
[PhysX] Initialized MultithreadedTaskDispatcher with 28 workers.
 -> (artifact id: '98620106a0c10a4afa40885ab7176bba') in 0.009522 seconds
Number of updated asset objects reloaded before import = 0
Number of asset objects unloaded after import = 10
========================================================================
Received Import Request.
  Time since last request: 0.000013 seconds.
  path: Assets/Modular Castle/Assets/prefabs/doorway1.prefab
  artifactKey: Guid(0b7f3b033306b6d4b956436528383403) Importer(815301076,1909f56bfc062723c751e8b465ee728b)
Start importing Assets/Modular Castle/Assets/prefabs/doorway1.prefab using Guid(0b7f3b033306b6d4b956436528383403) Importer(815301076,1909f56bfc062723c751e8b465ee728b) [PhysX] Initialized MultithreadedTaskDispatcher with 28 workers.
[PhysX] Initialized MultithreadedTaskDispatcher with 28 workers.
 -> (artifact id: '9f9f473d16186bdac9c1846663a93a8c') in 0.010681 seconds
Number of updated asset objects reloaded before import = 0
Number of asset objects unloaded after import = 15
========================================================================
Received Import Request.
  Time since last request: 0.000015 seconds.
  path: Assets/Modular Castle/Assets/prefabs/box3.prefab
  artifactKey: Guid(40064a3eba9f8ef4db78ee0fbcd75c8c) Importer(815301076,1909f56bfc062723c751e8b465ee728b)
Start importing Assets/Modular Castle/Assets/prefabs/box3.prefab using Guid(40064a3eba9f8ef4db78ee0fbcd75c8c) Importer(815301076,1909f56bfc062723c751e8b465ee728b) [PhysX] Initialized MultithreadedTaskDispatcher with 28 workers.
[PhysX] Initialized MultithreadedTaskDispatcher with 28 workers.
 -> (artifact id: '8ce1e408c8ad9fc443b0531372389016') in 0.008366 seconds
Number of updated asset objects reloaded before import = 0
Number of asset objects unloaded after import = 10
========================================================================
Received Import Request.
  Time since last request: 1.065551 seconds.
  path: Assets/Modular Castle/Assets/prefabs2/barrel.prefab
  artifactKey: Guid(8375007ef859c184f93134dbe213e44b) Importer(815301076,1909f56bfc062723c751e8b465ee728b)
Start importing Assets/Modular Castle/Assets/prefabs2/barrel.prefab using Guid(8375007ef859c184f93134dbe213e44b) Importer(815301076,1909f56bfc062723c751e8b465ee728b) [PhysX] Initialized MultithreadedTaskDispatcher with 28 workers.
[PhysX] Initialized MultithreadedTaskDispatcher with 28 workers.
 -> (artifact id: '8eba1436b785494492ee82794f9729f6') in 0.024127 seconds
Number of updated asset objects reloaded before import = 0
Number of asset objects unloaded after import = 32
========================================================================
Received Import Request.
  Time since last request: 0.000012 seconds.
  path: Assets/Modular Castle/Assets/prefabs2/mannequin 1.prefab
  artifactKey: Guid(48c040965861d8c40befca832709a45c) Importer(815301076,1909f56bfc062723c751e8b465ee728b)
Start importing Assets/Modular Castle/Assets/prefabs2/mannequin 1.prefab using Guid(48c040965861d8c40befca832709a45c) Importer(815301076,1909f56bfc062723c751e8b465ee728b) [PhysX] Initialized MultithreadedTaskDispatcher with 28 workers.
[PhysX] Initialized MultithreadedTaskDispatcher with 28 workers.
 -> (artifact id: 'c5c49ce96da11d030ba1e8962f972e31') in 0.008802 seconds
Number of updated asset objects reloaded before import = 0
Number of asset objects unloaded after import = 15
========================================================================
Received Import Request.
  Time since last request: 0.000011 seconds.
  path: Assets/Modular Castle/Assets/prefabs2/candles.prefab
  artifactKey: Guid(cfd933ac2c858574ba335dccf8a2f6c0) Importer(815301076,1909f56bfc062723c751e8b465ee728b)
Start importing Assets/Modular Castle/Assets/prefabs2/candles.prefab using Guid(cfd933ac2c858574ba335dccf8a2f6c0) Importer(815301076,1909f56bfc062723c751e8b465ee728b) [PhysX] Initialized MultithreadedTaskDispatcher with 28 workers.
[PhysX] Initialized MultithreadedTaskDispatcher with 28 workers.
 -> (artifact id: '78ccd7719c232e110fdad624ed65dcd6') in 0.144592 seconds
Number of updated asset objects reloaded before import = 0
Number of asset objects unloaded after import = 66
========================================================================
Received Import Request.
  Time since last request: 0.000015 seconds.
  path: Assets/Modular Castle/Assets/prefabs2/wall7.prefab
  artifactKey: Guid(cfe3a621ddd7aee4cb64ee0caa431e12) Importer(815301076,1909f56bfc062723c751e8b465ee728b)
Start importing Assets/Modular Castle/Assets/prefabs2/wall7.prefab using Guid(cfe3a621ddd7aee4cb64ee0caa431e12) Importer(815301076,1909f56bfc062723c751e8b465ee728b) [PhysX] Initialized MultithreadedTaskDispatcher with 28 workers.
[PhysX] Initialized MultithreadedTaskDispatcher with 28 workers.
 -> (artifact id: '35e88bef106483bdb372fb407a94bb96') in 0.012320 seconds
Number of updated asset objects reloaded before import = 0
Number of asset objects unloaded after import = 75
========================================================================
Received Import Request.
  Time since last request: 0.000019 seconds.
  path: Assets/Modular Castle/Assets/prefabs2/candle1.prefab
  artifactKey: Guid(77199120630e1734e8e77e3c2f9cf50e) Importer(815301076,1909f56bfc062723c751e8b465ee728b)
Start importing Assets/Modular Castle/Assets/prefabs2/candle1.prefab using Guid(77199120630e1734e8e77e3c2f9cf50e) Importer(815301076,1909f56bfc062723c751e8b465ee728b) [PhysX] Initialized MultithreadedTaskDispatcher with 28 workers.
[PhysX] Initialized MultithreadedTaskDispatcher with 28 workers.
 -> (artifact id: 'c37f2dd7b88e1598d8d45d2b7db8d168') in 0.011779 seconds
Number of updated asset objects reloaded before import = 0
Number of asset objects unloaded after import = 19
========================================================================
Received Import Request.
  Time since last request: 0.000015 seconds.
  path: Assets/Modular Castle/Assets/prefabs2/wall2 1.prefab
  artifactKey: Guid(b84cdff1414a1094d995361dae7b91b1) Importer(815301076,1909f56bfc062723c751e8b465ee728b)
Start importing Assets/Modular Castle/Assets/prefabs2/wall2 1.prefab using Guid(b84cdff1414a1094d995361dae7b91b1) Importer(815301076,1909f56bfc062723c751e8b465ee728b) [PhysX] Initialized MultithreadedTaskDispatcher with 28 workers.
[PhysX] Initialized MultithreadedTaskDispatcher with 28 workers.
 -> (artifact id: '2a1bd0ca5b3c9f6f3a8e14e904219e08') in 0.010943 seconds
Number of updated asset objects reloaded before import = 0
Number of asset objects unloaded after import = 37
========================================================================
Received Import Request.
  Time since last request: 0.000012 seconds.
  path: Assets/Modular Castle/Assets/prefabs2/torch.prefab
  artifactKey: Guid(2b28d52e9282f5844af4fa29dc0c1032) Importer(815301076,1909f56bfc062723c751e8b465ee728b)
Start importing Assets/Modular Castle/Assets/prefabs2/torch.prefab using Guid(2b28d52e9282f5844af4fa29dc0c1032) Importer(815301076,1909f56bfc062723c751e8b465ee728b) [PhysX] Initialized MultithreadedTaskDispatcher with 28 workers.
[PhysX] Initialized MultithreadedTaskDispatcher with 28 workers.
 -> (artifact id: '31f22ec129a3dd325e51d066ac39ac05') in 0.009627 seconds
Number of updated asset objects reloaded before import = 0
Number of asset objects unloaded after import = 19
========================================================================
Received Import Request.
  Time since last request: 0.000012 seconds.
  path: Assets/Modular Castle/Assets/prefabs2/candleholder2.prefab
  artifactKey: Guid(c6fda97e2f85f854388b401808f813c7) Importer(815301076,1909f56bfc062723c751e8b465ee728b)
Start importing Assets/Modular Castle/Assets/prefabs2/candleholder2.prefab using Guid(c6fda97e2f85f854388b401808f813c7) Importer(815301076,1909f56bfc062723c751e8b465ee728b) [PhysX] Initialized MultithreadedTaskDispatcher with 28 workers.
[PhysX] Initialized MultithreadedTaskDispatcher with 28 workers.
 -> (artifact id: '34cbcae4f7586f97dbfc8c1ee892037f') in 0.009552 seconds
Number of updated asset objects reloaded before import = 0
Number of asset objects unloaded after import = 19
========================================================================
Received Import Request.
  Time since last request: 0.000012 seconds.
  path: Assets/Modular Castle/Assets/prefabs2/candles 1.prefab
  artifactKey: Guid(3033b6e2c5fe4a747a5918bfadbc019a) Importer(815301076,1909f56bfc062723c751e8b465ee728b)
Start importing Assets/Modular Castle/Assets/prefabs2/candles 1.prefab using Guid(3033b6e2c5fe4a747a5918bfadbc019a) Importer(815301076,1909f56bfc062723c751e8b465ee728b) [PhysX] Initialized MultithreadedTaskDispatcher with 28 workers.
[PhysX] Initialized MultithreadedTaskDispatcher with 28 workers.
 -> (artifact id: 'ee002f6957404320aaffe5111f18b534') in 0.011333 seconds
Number of updated asset objects reloaded before import = 0
Number of asset objects unloaded after import = 82
========================================================================
Received Import Request.
  Time since last request: 0.000016 seconds.
  path: Assets/Modular Castle/Assets/prefabs2/wall3 1.prefab
  artifactKey: Guid(a989f3d54d02f934fba9ce9f04202bd8) Importer(815301076,1909f56bfc062723c751e8b465ee728b)
Start importing Assets/Modular Castle/Assets/prefabs2/wall3 1.prefab using Guid(a989f3d54d02f934fba9ce9f04202bd8) Importer(815301076,1909f56bfc062723c751e8b465ee728b) [PhysX] Initialized MultithreadedTaskDispatcher with 28 workers.
[PhysX] Initialized MultithreadedTaskDispatcher with 28 workers.
 -> (artifact id: '82ad24863cc2a03c0dead45df19ddbb0') in 0.010383 seconds
Number of updated asset objects reloaded before import = 0
Number of asset objects unloaded after import = 15
========================================================================
Received Import Request.
  Time since last request: 0.000016 seconds.
  path: Assets/Modular Castle/Assets/prefabs2/box2 1.prefab
  artifactKey: Guid(e2c29ad643284ce40848a9be62cbd991) Importer(815301076,1909f56bfc062723c751e8b465ee728b)
Start importing Assets/Modular Castle/Assets/prefabs2/box2 1.prefab using Guid(e2c29ad643284ce40848a9be62cbd991) Importer(815301076,1909f56bfc062723c751e8b465ee728b) [PhysX] Initialized MultithreadedTaskDispatcher with 28 workers.
[PhysX] Initialized MultithreadedTaskDispatcher with 28 workers.
 -> (artifact id: '1fa6e844fd29e3e0e2f92e9e2aa88aba') in 0.008927 seconds
Number of updated asset objects reloaded before import = 0
Number of asset objects unloaded after import = 20
========================================================================
Received Import Request.
  Time since last request: 0.000014 seconds.
  path: Assets/Modular Castle/Assets/prefabs2/wall2.prefab
  artifactKey: Guid(b79d1646853934f4dad1e987cd05b119) Importer(815301076,1909f56bfc062723c751e8b465ee728b)
Start importing Assets/Modular Castle/Assets/prefabs2/wall2.prefab using Guid(b79d1646853934f4dad1e987cd05b119) Importer(815301076,1909f56bfc062723c751e8b465ee728b) [PhysX] Initialized MultithreadedTaskDispatcher with 28 workers.
[PhysX] Initialized MultithreadedTaskDispatcher with 28 workers.
 -> (artifact id: '92fbe86e915ce9a29e11f44df912bed2') in 0.009811 seconds
Number of updated asset objects reloaded before import = 0
Number of asset objects unloaded after import = 15
========================================================================
Received Import Request.
  Time since last request: 0.000015 seconds.
  path: Assets/Modular Castle/Assets/prefabs2/wall2 2.prefab
  artifactKey: Guid(6fb002a65bc74bf46ba6b669a1a59a79) Importer(815301076,1909f56bfc062723c751e8b465ee728b)
Start importing Assets/Modular Castle/Assets/prefabs2/wall2 2.prefab using Guid(6fb002a65bc74bf46ba6b669a1a59a79) Importer(815301076,1909f56bfc062723c751e8b465ee728b) [PhysX] Initialized MultithreadedTaskDispatcher with 28 workers.
[PhysX] Initialized MultithreadedTaskDispatcher with 28 workers.
 -> (artifact id: '985c72c8837748ad57a149841d15c3cd') in 0.010100 seconds
Number of updated asset objects reloaded before import = 0
Number of asset objects unloaded after import = 38
========================================================================
Received Import Request.
  Time since last request: 0.000019 seconds.
  path: Assets/Modular Castle/Assets/prefabs2/candle3.prefab
  artifactKey: Guid(488fb4bf55e88e243a3d0bfaa7e42703) Importer(815301076,1909f56bfc062723c751e8b465ee728b)
Start importing Assets/Modular Castle/Assets/prefabs2/candle3.prefab using Guid(488fb4bf55e88e243a3d0bfaa7e42703) Importer(815301076,1909f56bfc062723c751e8b465ee728b) [PhysX] Initialized MultithreadedTaskDispatcher with 28 workers.
[PhysX] Initialized MultithreadedTaskDispatcher with 28 workers.
 -> (artifact id: '2a0646d85b798a37ad03a891a469f6bf') in 0.010253 seconds
Number of updated asset objects reloaded before import = 0
Number of asset objects unloaded after import = 27
========================================================================
Received Import Request.
  Time since last request: 0.930968 seconds.
  path: Assets/Modular Castle/Assets/textures/castle.png
  artifactKey: Guid(c1fd7ade2bee9c94d8d41c6a0107d84c) Importer(815301076,1909f56bfc062723c751e8b465ee728b)
Start importing Assets/Modular Castle/Assets/textures/castle.png using Guid(c1fd7ade2bee9c94d8d41c6a0107d84c) Importer(815301076,1909f56bfc062723c751e8b465ee728b) [PhysX] Initialized MultithreadedTaskDispatcher with 28 workers.
[PhysX] Initialized MultithreadedTaskDispatcher with 28 workers.
 -> (artifact id: '705173f6e549f64253ca5ba7644a78a3') in 0.019830 seconds
Number of updated asset objects reloaded before import = 0
Number of asset objects unloaded after import = 2
========================================================================
Received Import Request.
  Time since last request: 0.000012 seconds.
  path: Assets/Modular Castle/Assets/textures/light.png
  artifactKey: Guid(b68fcacd97efa4e4e85adb8475207126) Importer(815301076,1909f56bfc062723c751e8b465ee728b)
Start importing Assets/Modular Castle/Assets/textures/light.png using Guid(b68fcacd97efa4e4e85adb8475207126) Importer(815301076,1909f56bfc062723c751e8b465ee728b) [PhysX] Initialized MultithreadedTaskDispatcher with 28 workers.
[PhysX] Initialized MultithreadedTaskDispatcher with 28 workers.
 -> (artifact id: '1352481988182223b03b8076ffba2428') in 0.005375 seconds
Number of updated asset objects reloaded before import = 0
Number of asset objects unloaded after import = 2
========================================================================
Received Import Request.
  Time since last request: 9.182932 seconds.
  path: Assets/Animation
  artifactKey: Guid(0dca51c3897eb4dbf9c68903df37e94e) Importer(815301076,1909f56bfc062723c751e8b465ee728b)
Start importing Assets/Animation using Guid(0dca51c3897eb4dbf9c68903df37e94e) Importer(815301076,1909f56bfc062723c751e8b465ee728b) [PhysX] Initialized MultithreadedTaskDispatcher with 28 workers.
 -> (artifact id: '7a3c26b4ca56aacd6c9a4000beec19e3') in 0.000444 seconds
Number of updated asset objects reloaded before import = 0
Number of asset objects unloaded after import = 0
========================================================================
Received Import Request.
  Time since last request: 28.608739 seconds.
  path: Assets/Modular Castle/Assets/Materials
  artifactKey: Guid(5378a7958f3511745acd4bde474e3d31) Importer(815301076,1909f56bfc062723c751e8b465ee728b)
Start importing Assets/Modular Castle/Assets/Materials using Guid(5378a7958f3511745acd4bde474e3d31) Importer(815301076,1909f56bfc062723c751e8b465ee728b) [PhysX] Initialized MultithreadedTaskDispatcher with 28 workers.
 -> (artifact id: 'cb30c07c88d63800a25cc7e149db6ba3') in 0.000366 seconds
Number of updated asset objects reloaded before import = 0
Number of asset objects unloaded after import = 0
========================================================================
Received Import Request.
  Time since last request: 15.768888 seconds.
  path: Assets/Modular Castle/Assets/prefabs
  artifactKey: Guid(7c1f4cb581a6b354da5df73c8160d2d1) Importer(815301076,1909f56bfc062723c751e8b465ee728b)
Start importing Assets/Modular Castle/Assets/prefabs using Guid(7c1f4cb581a6b354da5df73c8160d2d1) Importer(815301076,1909f56bfc062723c751e8b465ee728b) [PhysX] Initialized MultithreadedTaskDispatcher with 28 workers.
 -> (artifact id: 'eef8922bbba9787d3e7804c3c084e0e1') in 0.000445 seconds
Number of updated asset objects reloaded before import = 0
Number of asset objects unloaded after import = 0
========================================================================
Received Import Request.
  Time since last request: 13.409907 seconds.
  path: Assets/Modular Castle/DemoScene/castleDemo.unity
  artifactKey: Guid(0f30b31df1c21274da0aa193ec9e46e6) Importer(815301076,1909f56bfc062723c751e8b465ee728b)
Start importing Assets/Modular Castle/DemoScene/castleDemo.unity using Guid(0f30b31df1c21274da0aa193ec9e46e6) Importer(815301076,1909f56bfc062723c751e8b465ee728b) [PhysX] Initialized MultithreadedTaskDispatcher with 28 workers.
 -> (artifact id: '0138311af4137dfa39e7821be2b829b9') in 0.000392 seconds
Number of updated asset objects reloaded before import = 0
Number of asset objects unloaded after import = 0
========================================================================
Received Import Request.
  Time since last request: 305.245799 seconds.
  path: Assets/Scenes/nivel1.unity
  artifactKey: Guid(d0e67c69ec7ab4b11989bea2bc9f3c85) Importer(815301076,1909f56bfc062723c751e8b465ee728b)
Start importing Assets/Scenes/nivel1.unity using Guid(d0e67c69ec7ab4b11989bea2bc9f3c85) Importer(815301076,1909f56bfc062723c751e8b465ee728b) [PhysX] Initialized MultithreadedTaskDispatcher with 28 workers.
 -> (artifact id: '09520c6c06b166bba4372600223135ef') in 0.000666 seconds
Number of updated asset objects reloaded before import = 0
Number of asset objects unloaded after import = 0
========================================================================
Received Import Request.
  Time since last request: 1.486193 seconds.
  path: Assets/Scenes/nivel2.unity
  artifactKey: Guid(9e44d698ac95e45528e29abafc94639f) Importer(815301076,1909f56bfc062723c751e8b465ee728b)
Start importing Assets/Scenes/nivel2.unity using Guid(9e44d698ac95e45528e29abafc94639f) Importer(815301076,1909f56bfc062723c751e8b465ee728b) [PhysX] Initialized MultithreadedTaskDispatcher with 28 workers.
 -> (artifact id: 'bf047b0ac075ab9ce925014901018637') in 0.000365 seconds
Number of updated asset objects reloaded before import = 0
Number of asset objects unloaded after import = 0
========================================================================
Received Import Request.
  Time since last request: 0.482852 seconds.
  path: Assets/Scenes/nivel3.unity
  artifactKey: Guid(6be90c0f3b5b24a109ed4ab09dc447fc) Importer(815301076,1909f56bfc062723c751e8b465ee728b)
Start importing Assets/Scenes/nivel3.unity using Guid(6be90c0f3b5b24a109ed4ab09dc447fc) Importer(815301076,1909f56bfc062723c751e8b465ee728b) [PhysX] Initialized MultithreadedTaskDispatcher with 28 workers.
 -> (artifact id: 'd48dfd7d5648d21d7212eb22bf3239d9') in 0.000370 seconds
Number of updated asset objects reloaded before import = 0
Number of asset objects unloaded after import = 0
========================================================================
Received Import Request.
  Time since last request: 18.595380 seconds.
  path: Assets/Resources
  artifactKey: Guid(5fdc39630db0b48e184d0b63f550a630) Importer(815301076,1909f56bfc062723c751e8b465ee728b)
Start importing Assets/Resources using Guid(5fdc39630db0b48e184d0b63f550a630) Importer(815301076,1909f56bfc062723c751e8b465ee728b) [PhysX] Initialized MultithreadedTaskDispatcher with 28 workers.
 -> (artifact id: '21024464a0ff15fbb7f8a2fe69e77456') in 0.000493 seconds
Number of updated asset objects reloaded before import = 0
Number of asset objects unloaded after import = 0
========================================================================
Received Prepare
Caller must complete domain reload
Begin MonoManager ReloadAssembly
Symbol file LoadedFromMemory is not a mono symbol file
- Loaded All Assemblies, in  0.304 seconds
Native extension for WindowsStandalone target not found
Native extension for Android target not found
[Package Manager] Server::EnsureServerProcessIsRunning -- launch failed, reason: Unity was launched with the -noUpm command-line argument
[Package Manager] UpmClient::Send -- Unable to send message (not connected to UPM process).
[Package Manager] Cannot connect to Unity Package Manager local server
[Package Manager] Server::EnsureServerProcessIsRunning -- launch failed, reason: Unity was launched with the -noUpm command-line argument
[Package Manager] UpmClient::Send -- Unable to send message (not connected to UPM process).
[Package Manager] Cannot connect to Unity Package Manager local server
[Package Manager] Server::EnsureServerProcessIsRunning -- launch failed, reason: Unity was launched with the -noUpm command-line argument
[Package Manager] UpmClient::Send -- Unable to send message (not connected to UPM process).
[Package Manager] Cannot connect to Unity Package Manager local server
System.Reflection.TargetInvocationException: Exception has been thrown by the target of an invocation. ---> System.NullReferenceException: Object reference not set to an instance of an object
  at Unity.XR.Oculus.OculusLoader.AssetPathToAbsolutePath (System.String assetPath) [0x0003d] in .\Library\PackageCache\com.unity.xr.oculus@4.2.0\Runtime\OculusLoader.cs:298 
  at Unity.XR.Oculus.OculusLoader.EditorLoadOVRPlugin () [0x0008c] in .\Library\PackageCache\com.unity.xr.oculus@4.2.0\Runtime\OculusLoader.cs:283 
  at (wrapper managed-to-native) System.Reflection.RuntimeMethodInfo.InternalInvoke(System.Reflection.RuntimeMethodInfo,object,object[],System.Exception&)
  at System.Reflection.RuntimeMethodInfo.Invoke (System.Object obj, System.Reflection.BindingFlags invokeAttr, System.Reflection.Binder binder, System.Object[] parameters, System.Globalization.CultureInfo culture) [0x0006a] in <8ce0bd04a7a04b4b9395538239d3fdd8>:0 
   --- End of inner exception stack trace ---
  at System.Reflection.RuntimeMethodInfo.Invoke (System.Object obj, System.Reflection.BindingFlags invokeAttr, System.Reflection.Binder binder, System.Object[] parameters, System.Globalization.CultureInfo culture) [0x00083] in <8ce0bd04a7a04b4b9395538239d3fdd8>:0 
  at System.Reflection.MethodBase.Invoke (System.Object obj, System.Object[] parameters) [0x00000] in <8ce0bd04a7a04b4b9395538239d3fdd8>:0 
  at UnityEditor.EditorAssemblies.ProcessInitializeOnLoadMethodAttributes () [0x000a5] in <e0a2c8363ef54a6393fed120beebdb7a>:0 
UnityEngine.StackTraceUtility:ExtractStackTrace ()
UnityEngine.DebugLogHandler:LogFormat (UnityEngine.LogType,UnityEngine.Object,string,object[])
UnityEngine.Logger:Log (UnityEngine.LogType,object)
UnityEngine.Debug:LogError (object)
UnityEditor.EditorAssemblies:ProcessInitializeOnLoadMethodAttributes ()

Mono: successfully reloaded assembly
[Package Manager] Server::EnsureServerProcessIsRunning -- launch failed, reason: Unity was launched with the -noUpm command-line argument
[Package Manager] UpmClient::Send -- Unable to send message (not connected to UPM process).
[Package Manager] Cannot connect to Unity Package Manager local server
- Finished resetting the current domain, in  0.843 seconds
Domain Reload Profiling: 1147ms
	BeginReloadAssembly (102ms)
		ExecutionOrderSort (0ms)
		DisableScriptedObjects (2ms)
		BackupInstance (0ms)
		ReleaseScriptingObjects (0ms)
		CreateAndSetChildDomain (30ms)
	RebuildCommonClasses (18ms)
	RebuildNativeTypeToScriptingClass (6ms)
	initialDomainReloadingComplete (14ms)
	LoadAllAssembliesAndSetupDomain (163ms)
		LoadAssemblies (193ms)
		RebuildTransferFunctionScriptingTraits (0ms)
		AnalyzeDomain (17ms)
			TypeCache.Refresh (5ms)
				TypeCache.ScanAssembly (0ms)
			ScanForSourceGeneratedMonoScriptInfo (0ms)
			ResolveRequiredComponents (10ms)
	FinalizeReload (843ms)
		ReleaseScriptCaches (0ms)
		RebuildScriptCaches (0ms)
		SetupLoadedEditorAssemblies (514ms)
			LogAssemblyErrors (0ms)
			InitializePlatformSupportModulesInManaged (10ms)
			SetLoadedEditorAssemblies (3ms)
			RefreshPlugins (0ms)
			BeforeProcessingInitializeOnLoad (54ms)
			ProcessInitializeOnLoadAttributes (385ms)
			ProcessInitializeOnLoadMethodAttributes (60ms)
			AfterProcessingInitializeOnLoad (2ms)
			EditorAssembliesLoaded (0ms)
		ExecutionOrderSort2 (0ms)
		AwakeInstancesAfterBackupRestoration (7ms)
Shader 'Oculus/OVRMRCameraFrameLit': fallback shader 'Alpha-Diffuse' not found
Shader 'Meta/MRUK/Scene/HighlightsAndShadows': fallback shader 'Off' not found
Refreshing native plugins compatible for Editor in 19.15 ms, found 19 plugins.
Preloading 3 native plugins for Editor in 0.21 ms.
Unloading 6388 Unused Serialized files (Serialized files now loaded: 0)
Unloading 121 unused Assets / (487.5 KB). Loaded Objects now: 6973.
Memory consumption went from 220.3 MB to 219.8 MB.
Total: 6.047500 ms (FindLiveObjects: 0.360900 ms CreateObjectMapping: 0.229400 ms MarkObjects: 5.211700 ms  DeleteObjects: 0.245000 ms)

Prepare: number of updated asset objects reloaded= 0
AssetImportParameters requested are different than current active one (requested -> active):
  custom:container-demuxer-ogg: 62fdf1f143b41e24485cea50d1cbac27 -> 
  custom:framework-win-MediaFoundation: 216162199b28c13a410421893ffa2e32 -> 
  custom:container-muxer-webm: aa71ff27fc2769a1b78a27578f13a17b -> 
  custom:video-decoder-webm-vp8: 9c59270c3fd7afecdb556c50c9e8de78 -> 
  custom:SearchIndexIgnoredProperties: e643bd26f0fe6173181afceb89e7c659 -> 
  custom:AudioImporter_EditorPlatform: d09bf68614088b80899f8185d706f6e7 -> 
  custom:audio-decoder-ogg-vorbis: bf7c407c2cedff20999df2af8eb42d56 -> 
  custom:audio-encoder-webm-vorbis: bf7c407c2cedff20999df2af8eb42d56 -> 
  custom:video-codec-MediaFoundation-h265: 746d11721c4dcdbdad8f713fa42b33f4 -> 
  custom:video-decoder-ogg-theora: a1e56fd34408186e4bbccfd4996cb3dc -> 
  custom:CustomObjectIndexerAttribute: 9a22284fe3817be447336de3de66b15e -> 
  custom:container-demuxer-webm: 4f35f7cbe854078d1ac9338744f61a02 -> 
  custom:video-encoder-webm-vp8: eb34c28f22e8b96e1ab97ce403110664 -> 
========================================================================
Received Import Request.
  Time since last request: 523.920171 seconds.
  path: Assets/Scripts
  artifactKey: Guid(513674f4b8dc07e498ec210b826bf314) Importer(815301076,1909f56bfc062723c751e8b465ee728b)
Start importing Assets/Scripts using Guid(513674f4b8dc07e498ec210b826bf314) Importer(815301076,1909f56bfc062723c751e8b465ee728b) [PhysX] Initialized MultithreadedTaskDispatcher with 28 workers.
 -> (artifact id: '47b6c76ce4f488d5f33e091193581b3c') in 0.003046 seconds
Number of updated asset objects reloaded before import = 0
Number of asset objects unloaded after import = 0
========================================================================
Received Import Request.
  Time since last request: 22.532316 seconds.
  path: Assets/Scripts/LevelSelector.cs
  artifactKey: Guid(87cf37c6ede20284b96cc80a25c24439) Importer(815301076,1909f56bfc062723c751e8b465ee728b)
Start importing Assets/Scripts/LevelSelector.cs using Guid(87cf37c6ede20284b96cc80a25c24439) Importer(815301076,1909f56bfc062723c751e8b465ee728b) [PhysX] Initialized MultithreadedTaskDispatcher with 28 workers.
 -> (artifact id: 'f20c0b13a59414d5aaf90624b3f8c86a') in 0.000439 seconds
Number of updated asset objects reloaded before import = 0
Number of asset objects unloaded after import = 0
========================================================================
Received Prepare
Caller must complete domain reload
Begin MonoManager ReloadAssembly
Symbol file LoadedFromMemory is not a mono symbol file
- Loaded All Assemblies, in  0.319 seconds
Native extension for WindowsStandalone target not found
Native extension for Android target not found
[Package Manager] Server::EnsureServerProcessIsRunning -- launch failed, reason: Unity was launched with the -noUpm command-line argument
[Package Manager] UpmClient::Send -- Unable to send message (not connected to UPM process).
[Package Manager] Cannot connect to Unity Package Manager local server
[Package Manager] Server::EnsureServerProcessIsRunning -- launch failed, reason: Unity was launched with the -noUpm command-line argument
[Package Manager] UpmClient::Send -- Unable to send message (not connected to UPM process).
[Package Manager] Cannot connect to Unity Package Manager local server
[Package Manager] Server::EnsureServerProcessIsRunning -- launch failed, reason: Unity was launched with the -noUpm command-line argument
[Package Manager] UpmClient::Send -- Unable to send message (not connected to UPM process).
[Package Manager] Cannot connect to Unity Package Manager local server
System.Reflection.TargetInvocationException: Exception has been thrown by the target of an invocation. ---> System.NullReferenceException: Object reference not set to an instance of an object
  at Unity.XR.Oculus.OculusLoader.AssetPathToAbsolutePath (System.String assetPath) [0x0003d] in .\Library\PackageCache\com.unity.xr.oculus@4.2.0\Runtime\OculusLoader.cs:298 
  at Unity.XR.Oculus.OculusLoader.EditorLoadOVRPlugin () [0x0008c] in .\Library\PackageCache\com.unity.xr.oculus@4.2.0\Runtime\OculusLoader.cs:283 
  at (wrapper managed-to-native) System.Reflection.RuntimeMethodInfo.InternalInvoke(System.Reflection.RuntimeMethodInfo,object,object[],System.Exception&)
  at System.Reflection.RuntimeMethodInfo.Invoke (System.Object obj, System.Reflection.BindingFlags invokeAttr, System.Reflection.Binder binder, System.Object[] parameters, System.Globalization.CultureInfo culture) [0x0006a] in <8ce0bd04a7a04b4b9395538239d3fdd8>:0 
   --- End of inner exception stack trace ---
  at System.Reflection.RuntimeMethodInfo.Invoke (System.Object obj, System.Reflection.BindingFlags invokeAttr, System.Reflection.Binder binder, System.Object[] parameters, System.Globalization.CultureInfo culture) [0x00083] in <8ce0bd04a7a04b4b9395538239d3fdd8>:0 
  at System.Reflection.MethodBase.Invoke (System.Object obj, System.Object[] parameters) [0x00000] in <8ce0bd04a7a04b4b9395538239d3fdd8>:0 
  at UnityEditor.EditorAssemblies.ProcessInitializeOnLoadMethodAttributes () [0x000a5] in <e0a2c8363ef54a6393fed120beebdb7a>:0 
UnityEngine.StackTraceUtility:ExtractStackTrace ()
UnityEngine.DebugLogHandler:LogFormat (UnityEngine.LogType,UnityEngine.Object,string,object[])
UnityEngine.Logger:Log (UnityEngine.LogType,object)
UnityEngine.Debug:LogError (object)
UnityEditor.EditorAssemblies:ProcessInitializeOnLoadMethodAttributes ()

Mono: successfully reloaded assembly
[Package Manager] Server::EnsureServerProcessIsRunning -- launch failed, reason: Unity was launched with the -noUpm command-line argument
[Package Manager] UpmClient::Send -- Unable to send message (not connected to UPM process).
[Package Manager] Cannot connect to Unity Package Manager local server
- Finished resetting the current domain, in  0.893 seconds
Domain Reload Profiling: 1212ms
	BeginReloadAssembly (104ms)
		ExecutionOrderSort (0ms)
		DisableScriptedObjects (2ms)
		BackupInstance (0ms)
		ReleaseScriptingObjects (0ms)
		CreateAndSetChildDomain (29ms)
	RebuildCommonClasses (21ms)
	RebuildNativeTypeToScriptingClass (6ms)
	initialDomainReloadingComplete (14ms)
	LoadAllAssembliesAndSetupDomain (174ms)
		LoadAssemblies (189ms)
		RebuildTransferFunctionScriptingTraits (0ms)
		AnalyzeDomain (34ms)
			TypeCache.Refresh (11ms)
				TypeCache.ScanAssembly (0ms)
			ScanForSourceGeneratedMonoScriptInfo (12ms)
			ResolveRequiredComponents (10ms)
	FinalizeReload (894ms)
		ReleaseScriptCaches (0ms)
		RebuildScriptCaches (0ms)
		SetupLoadedEditorAssemblies (554ms)
			LogAssemblyErrors (0ms)
			InitializePlatformSupportModulesInManaged (10ms)
			SetLoadedEditorAssemblies (3ms)
			RefreshPlugins (0ms)
			BeforeProcessingInitializeOnLoad (57ms)
			ProcessInitializeOnLoadAttributes (442ms)
			ProcessInitializeOnLoadMethodAttributes (40ms)
			AfterProcessingInitializeOnLoad (1ms)
			EditorAssembliesLoaded (0ms)
		ExecutionOrderSort2 (0ms)
		AwakeInstancesAfterBackupRestoration (5ms)
Shader 'Oculus/OVRMRCameraFrameLit': fallback shader 'Alpha-Diffuse' not found
Shader 'Meta/MRUK/Scene/HighlightsAndShadows': fallback shader 'Off' not found
Refreshing native plugins compatible for Editor in 15.90 ms, found 19 plugins.
Preloading 3 native plugins for Editor in 0.14 ms.
Unloading 6389 Unused Serialized files (Serialized files now loaded: 0)
Unloading 121 unused Assets / (479.5 KB). Loaded Objects now: 6978.
Memory consumption went from 220.3 MB to 219.8 MB.
Total: 5.759900 ms (FindLiveObjects: 0.280300 ms CreateObjectMapping: 0.114200 ms MarkObjects: 5.069600 ms  DeleteObjects: 0.295000 ms)

Prepare: number of updated asset objects reloaded= 0
AssetImportParameters requested are different than current active one (requested -> active):
  custom:container-demuxer-ogg: 62fdf1f143b41e24485cea50d1cbac27 -> 
  custom:framework-win-MediaFoundation: 216162199b28c13a410421893ffa2e32 -> 
  custom:scripting/monoscript/fileName/LevelSelector.cs: b02458bbe4118542a83a68116667188b -> 
  custom:container-muxer-webm: aa71ff27fc2769a1b78a27578f13a17b -> 
  custom:video-decoder-webm-vp8: 9c59270c3fd7afecdb556c50c9e8de78 -> 
  custom:SearchIndexIgnoredProperties: e643bd26f0fe6173181afceb89e7c659 -> 
  custom:AudioImporter_EditorPlatform: d09bf68614088b80899f8185d706f6e7 -> 
  custom:audio-decoder-ogg-vorbis: bf7c407c2cedff20999df2af8eb42d56 -> 
  custom:audio-encoder-webm-vorbis: bf7c407c2cedff20999df2af8eb42d56 -> 
  custom:scripting/precompiled-assembly-types:Assembly-CSharp: 047dae64f27f1fe559d0b02ed2238b07 -> fb870b2f6c6f9ab484441b5cc2b09954
  custom:video-codec-MediaFoundation-h265: 746d11721c4dcdbdad8f713fa42b33f4 -> 
  custom:video-decoder-ogg-theora: a1e56fd34408186e4bbccfd4996cb3dc -> 
  custom:CustomObjectIndexerAttribute: 9a22284fe3817be447336de3de66b15e -> 
  custom:container-demuxer-webm: 4f35f7cbe854078d1ac9338744f61a02 -> 
  custom:video-encoder-webm-vp8: eb34c28f22e8b96e1ab97ce403110664 -> 
========================================================================
Received Import Request.
  Time since last request: 39.361925 seconds.
  path: Assets/Scripts/LevelSelector.cs
  artifactKey: Guid(87cf37c6ede20284b96cc80a25c24439) Importer(815301076,1909f56bfc062723c751e8b465ee728b)
Start importing Assets/Scripts/LevelSelector.cs using Guid(87cf37c6ede20284b96cc80a25c24439) Importer(815301076,1909f56bfc062723c751e8b465ee728b) [PhysX] Initialized MultithreadedTaskDispatcher with 28 workers.
 -> (artifact id: '40b2b721b4d768cd925d02ec9d9b2bf7') in 0.001782 seconds
Number of updated asset objects reloaded before import = 0
Number of asset objects unloaded after import = 0
========================================================================
Received Prepare
Caller must complete domain reload
Begin MonoManager ReloadAssembly
Symbol file LoadedFromMemory is not a mono symbol file
- Loaded All Assemblies, in  0.936 seconds
Native extension for WindowsStandalone target not found
Native extension for Android target not found
[Package Manager] Server::EnsureServerProcessIsRunning -- launch failed, reason: Unity was launched with the -noUpm command-line argument
[Package Manager] UpmClient::Send -- Unable to send message (not connected to UPM process).
[Package Manager] Cannot connect to Unity Package Manager local server
[Package Manager] Server::EnsureServerProcessIsRunning -- launch failed, reason: Unity was launched with the -noUpm command-line argument
[Package Manager] UpmClient::Send -- Unable to send message (not connected to UPM process).
[Package Manager] Cannot connect to Unity Package Manager local server
[Package Manager] Server::EnsureServerProcessIsRunning -- launch failed, reason: Unity was launched with the -noUpm command-line argument
[Package Manager] UpmClient::Send -- Unable to send message (not connected to UPM process).
[Package Manager] Cannot connect to Unity Package Manager local server
System.Reflection.TargetInvocationException: Exception has been thrown by the target of an invocation. ---> System.NullReferenceException: Object reference not set to an instance of an object
  at Unity.XR.Oculus.OculusLoader.AssetPathToAbsolutePath (System.String assetPath) [0x0003d] in .\Library\PackageCache\com.unity.xr.oculus@4.2.0\Runtime\OculusLoader.cs:298 
  at Unity.XR.Oculus.OculusLoader.EditorLoadOVRPlugin () [0x0008c] in .\Library\PackageCache\com.unity.xr.oculus@4.2.0\Runtime\OculusLoader.cs:283 
  at (wrapper managed-to-native) System.Reflection.RuntimeMethodInfo.InternalInvoke(System.Reflection.RuntimeMethodInfo,object,object[],System.Exception&)
  at System.Reflection.RuntimeMethodInfo.Invoke (System.Object obj, System.Reflection.BindingFlags invokeAttr, System.Reflection.Binder binder, System.Object[] parameters, System.Globalization.CultureInfo culture) [0x0006a] in <8ce0bd04a7a04b4b9395538239d3fdd8>:0 
   --- End of inner exception stack trace ---
  at System.Reflection.RuntimeMethodInfo.Invoke (System.Object obj, System.Reflection.BindingFlags invokeAttr, System.Reflection.Binder binder, System.Object[] parameters, System.Globalization.CultureInfo culture) [0x00083] in <8ce0bd04a7a04b4b9395538239d3fdd8>:0 
  at System.Reflection.MethodBase.Invoke (System.Object obj, System.Object[] parameters) [0x00000] in <8ce0bd04a7a04b4b9395538239d3fdd8>:0 
  at UnityEditor.EditorAssemblies.ProcessInitializeOnLoadMethodAttributes () [0x000a5] in <e0a2c8363ef54a6393fed120beebdb7a>:0 
UnityEngine.StackTraceUtility:ExtractStackTrace ()
UnityEngine.DebugLogHandler:LogFormat (UnityEngine.LogType,UnityEngine.Object,string,object[])
UnityEngine.Logger:Log (UnityEngine.LogType,object)
UnityEngine.Debug:LogError (object)
UnityEditor.EditorAssemblies:ProcessInitializeOnLoadMethodAttributes ()

Mono: successfully reloaded assembly
[Package Manager] Server::EnsureServerProcessIsRunning -- launch failed, reason: Unity was launched with the -noUpm command-line argument
[Package Manager] UpmClient::Send -- Unable to send message (not connected to UPM process).
[Package Manager] Cannot connect to Unity Package Manager local server
- Finished resetting the current domain, in 27.872 seconds
Domain Reload Profiling: 28808ms
	BeginReloadAssembly (99ms)
		ExecutionOrderSort (0ms)
		DisableScriptedObjects (2ms)
		BackupInstance (0ms)
		ReleaseScriptingObjects (0ms)
		CreateAndSetChildDomain (26ms)
	RebuildCommonClasses (18ms)
	RebuildNativeTypeToScriptingClass (6ms)
	initialDomainReloadingComplete (14ms)
	LoadAllAssembliesAndSetupDomain (798ms)
		LoadAssemblies (815ms)
		RebuildTransferFunctionScriptingTraits (0ms)
		AnalyzeDomain (31ms)
			TypeCache.Refresh (8ms)
				TypeCache.ScanAssembly (0ms)
			ScanForSourceGeneratedMonoScriptInfo (11ms)
			ResolveRequiredComponents (10ms)
	FinalizeReload (27873ms)
		ReleaseScriptCaches (0ms)
		RebuildScriptCaches (0ms)
		SetupLoadedEditorAssemblies (1698ms)
			LogAssemblyErrors (0ms)
			InitializePlatformSupportModulesInManaged (14ms)
			SetLoadedEditorAssemblies (4ms)
			RefreshPlugins (0ms)
			BeforeProcessingInitializeOnLoad (73ms)
			ProcessInitializeOnLoadAttributes (393ms)
			ProcessInitializeOnLoadMethodAttributes (1212ms)
			AfterProcessingInitializeOnLoad (2ms)
			EditorAssembliesLoaded (0ms)
		ExecutionOrderSort2 (0ms)
		AwakeInstancesAfterBackupRestoration (7ms)
Shader 'Oculus/OVRMRCameraFrameLit': fallback shader 'Alpha-Diffuse' not found
Shader 'Meta/MRUK/Scene/HighlightsAndShadows': fallback shader 'Off' not found
Refreshing native plugins compatible for Editor in 8.70 ms, found 19 plugins.
Preloading 3 native plugins for Editor in 0.10 ms.
Unloading 6389 Unused Serialized files (Serialized files now loaded: 0)
Unloading 121 unused Assets / (471.4 KB). Loaded Objects now: 6982.
Memory consumption went from 220.3 MB to 219.8 MB.
Total: 4.319300 ms (FindLiveObjects: 0.304600 ms CreateObjectMapping: 0.121100 ms MarkObjects: 3.669300 ms  DeleteObjects: 0.223400 ms)

Prepare: number of updated asset objects reloaded= 0
AssetImportParameters requested are different than current active one (requested -> active):
  custom:container-demuxer-ogg: 62fdf1f143b41e24485cea50d1cbac27 -> 
  custom:framework-win-MediaFoundation: 216162199b28c13a410421893ffa2e32 -> 
  custom:scripting/monoscript/fileName/LevelSelector.cs: b02458bbe4118542a83a68116667188b -> 
  custom:container-muxer-webm: aa71ff27fc2769a1b78a27578f13a17b -> 
  custom:video-decoder-webm-vp8: 9c59270c3fd7afecdb556c50c9e8de78 -> 
  custom:SearchIndexIgnoredProperties: e643bd26f0fe6173181afceb89e7c659 -> 
  custom:AudioImporter_EditorPlatform: d09bf68614088b80899f8185d706f6e7 -> 
  custom:audio-decoder-ogg-vorbis: bf7c407c2cedff20999df2af8eb42d56 -> 
  custom:audio-encoder-webm-vorbis: bf7c407c2cedff20999df2af8eb42d56 -> 
  custom:scripting/precompiled-assembly-types:Assembly-CSharp: 047dae64f27f1fe559d0b02ed2238b07 -> fb870b2f6c6f9ab484441b5cc2b09954
  custom:video-codec-MediaFoundation-h265: 746d11721c4dcdbdad8f713fa42b33f4 -> 
  custom:video-decoder-ogg-theora: a1e56fd34408186e4bbccfd4996cb3dc -> 
  custom:CustomObjectIndexerAttribute: 9a22284fe3817be447336de3de66b15e -> 
  custom:container-demuxer-webm: 4f35f7cbe854078d1ac9338744f61a02 -> 
  custom:video-encoder-webm-vp8: eb34c28f22e8b96e1ab97ce403110664 -> 
========================================================================
Received Prepare
Caller must complete domain reload
Begin MonoManager ReloadAssembly
Symbol file LoadedFromMemory is not a mono symbol file
- Loaded All Assemblies, in  0.322 seconds
Native extension for WindowsStandalone target not found
Native extension for Android target not found
[Package Manager] Server::EnsureServerProcessIsRunning -- launch failed, reason: Unity was launched with the -noUpm command-line argument
[Package Manager] UpmClient::Send -- Unable to send message (not connected to UPM process).
[Package Manager] Cannot connect to Unity Package Manager local server
[Package Manager] Server::EnsureServerProcessIsRunning -- launch failed, reason: Unity was launched with the -noUpm command-line argument
[Package Manager] UpmClient::Send -- Unable to send message (not connected to UPM process).
[Package Manager] Cannot connect to Unity Package Manager local server
[Package Manager] Server::EnsureServerProcessIsRunning -- launch failed, reason: Unity was launched with the -noUpm command-line argument
[Package Manager] UpmClient::Send -- Unable to send message (not connected to UPM process).
[Package Manager] Cannot connect to Unity Package Manager local server
System.Reflection.TargetInvocationException: Exception has been thrown by the target of an invocation. ---> System.NullReferenceException: Object reference not set to an instance of an object
  at Unity.XR.Oculus.OculusLoader.AssetPathToAbsolutePath (System.String assetPath) [0x0003d] in .\Library\PackageCache\com.unity.xr.oculus@4.2.0\Runtime\OculusLoader.cs:298 
  at Unity.XR.Oculus.OculusLoader.EditorLoadOVRPlugin () [0x0008c] in .\Library\PackageCache\com.unity.xr.oculus@4.2.0\Runtime\OculusLoader.cs:283 
  at (wrapper managed-to-native) System.Reflection.RuntimeMethodInfo.InternalInvoke(System.Reflection.RuntimeMethodInfo,object,object[],System.Exception&)
  at System.Reflection.RuntimeMethodInfo.Invoke (System.Object obj, System.Reflection.BindingFlags invokeAttr, System.Reflection.Binder binder, System.Object[] parameters, System.Globalization.CultureInfo culture) [0x0006a] in <8ce0bd04a7a04b4b9395538239d3fdd8>:0 
   --- End of inner exception stack trace ---
  at System.Reflection.RuntimeMethodInfo.Invoke (System.Object obj, System.Reflection.BindingFlags invokeAttr, System.Reflection.Binder binder, System.Object[] parameters, System.Globalization.CultureInfo culture) [0x00083] in <8ce0bd04a7a04b4b9395538239d3fdd8>:0 
  at System.Reflection.MethodBase.Invoke (System.Object obj, System.Object[] parameters) [0x00000] in <8ce0bd04a7a04b4b9395538239d3fdd8>:0 
  at UnityEditor.EditorAssemblies.ProcessInitializeOnLoadMethodAttributes () [0x000a5] in <e0a2c8363ef54a6393fed120beebdb7a>:0 
UnityEngine.StackTraceUtility:ExtractStackTrace ()
UnityEngine.DebugLogHandler:LogFormat (UnityEngine.LogType,UnityEngine.Object,string,object[])
UnityEngine.Logger:Log (UnityEngine.LogType,object)
UnityEngine.Debug:LogError (object)
UnityEditor.EditorAssemblies:ProcessInitializeOnLoadMethodAttributes ()

Mono: successfully reloaded assembly
[Package Manager] Server::EnsureServerProcessIsRunning -- launch failed, reason: Unity was launched with the -noUpm command-line argument
[Package Manager] UpmClient::Send -- Unable to send message (not connected to UPM process).
[Package Manager] Cannot connect to Unity Package Manager local server
- Finished resetting the current domain, in  0.833 seconds
Domain Reload Profiling: 1154ms
	BeginReloadAssembly (111ms)
		ExecutionOrderSort (0ms)
		DisableScriptedObjects (2ms)
		BackupInstance (0ms)
		ReleaseScriptingObjects (0ms)
		CreateAndSetChildDomain (34ms)
	RebuildCommonClasses (18ms)
	RebuildNativeTypeToScriptingClass (6ms)
	initialDomainReloadingComplete (14ms)
	LoadAllAssembliesAndSetupDomain (173ms)
		LoadAssemblies (190ms)
		RebuildTransferFunctionScriptingTraits (0ms)
		AnalyzeDomain (32ms)
			TypeCache.Refresh (9ms)
				TypeCache.ScanAssembly (0ms)
			ScanForSourceGeneratedMonoScriptInfo (12ms)
			ResolveRequiredComponents (10ms)
	FinalizeReload (833ms)
		ReleaseScriptCaches (0ms)
		RebuildScriptCaches (0ms)
		SetupLoadedEditorAssemblies (489ms)
			LogAssemblyErrors (0ms)
			InitializePlatformSupportModulesInManaged (11ms)
			SetLoadedEditorAssemblies (3ms)
			RefreshPlugins (0ms)
			BeforeProcessingInitializeOnLoad (64ms)
			ProcessInitializeOnLoadAttributes (371ms)
			ProcessInitializeOnLoadMethodAttributes (38ms)
			AfterProcessingInitializeOnLoad (1ms)
			EditorAssembliesLoaded (0ms)
		ExecutionOrderSort2 (0ms)
		AwakeInstancesAfterBackupRestoration (5ms)
Shader 'Oculus/OVRMRCameraFrameLit': fallback shader 'Alpha-Diffuse' not found
Shader 'Meta/MRUK/Scene/HighlightsAndShadows': fallback shader 'Off' not found
Refreshing native plugins compatible for Editor in 13.27 ms, found 19 plugins.
Preloading 3 native plugins for Editor in 0.21 ms.
Unloading 6389 Unused Serialized files (Serialized files now loaded: 0)
Unloading 122 unused Assets / (480.0 KB). Loaded Objects now: 6985.
Memory consumption went from 220.6 MB to 220.1 MB.
Total: 4.621300 ms (FindLiveObjects: 0.292400 ms CreateObjectMapping: 0.117600 ms MarkObjects: 3.963600 ms  DeleteObjects: 0.246900 ms)

Prepare: number of updated asset objects reloaded= 0
AssetImportParameters requested are different than current active one (requested -> active):
  custom:container-demuxer-ogg: 62fdf1f143b41e24485cea50d1cbac27 -> 
  custom:framework-win-MediaFoundation: 216162199b28c13a410421893ffa2e32 -> 
  custom:scripting/monoscript/fileName/LevelSelector.cs: b02458bbe4118542a83a68116667188b -> 
  custom:container-muxer-webm: aa71ff27fc2769a1b78a27578f13a17b -> 
  custom:video-decoder-webm-vp8: 9c59270c3fd7afecdb556c50c9e8de78 -> 
  custom:SearchIndexIgnoredProperties: e643bd26f0fe6173181afceb89e7c659 -> 
  custom:AudioImporter_EditorPlatform: d09bf68614088b80899f8185d706f6e7 -> 
  custom:audio-decoder-ogg-vorbis: bf7c407c2cedff20999df2af8eb42d56 -> 
  custom:audio-encoder-webm-vorbis: bf7c407c2cedff20999df2af8eb42d56 -> 
  custom:video-codec-MediaFoundation-h265: 746d11721c4dcdbdad8f713fa42b33f4 -> 
  custom:video-decoder-ogg-theora: a1e56fd34408186e4bbccfd4996cb3dc -> 
  custom:CustomObjectIndexerAttribute: 9a22284fe3817be447336de3de66b15e -> 
  custom:container-demuxer-webm: 4f35f7cbe854078d1ac9338744f61a02 -> 
  custom:video-encoder-webm-vp8: eb34c28f22e8b96e1ab97ce403110664 -> 
========================================================================
Received Import Request.
  Time since last request: 731.542720 seconds.
  path: Assets/Scripts/PortalManager.cs
  artifactKey: Guid(d2781bf2b98725b4eb95f2a4ddb3ee16) Importer(815301076,1909f56bfc062723c751e8b465ee728b)
Start importing Assets/Scripts/PortalManager.cs using Guid(d2781bf2b98725b4eb95f2a4ddb3ee16) Importer(815301076,1909f56bfc062723c751e8b465ee728b) [PhysX] Initialized MultithreadedTaskDispatcher with 28 workers.
 -> (artifact id: '865433e2429a693395368e413052252f') in 0.001327 seconds
Number of updated asset objects reloaded before import = 0
Number of asset objects unloaded after import = 0
========================================================================
Received Prepare
Caller must complete domain reload
Begin MonoManager ReloadAssembly
Symbol file LoadedFromMemory is not a mono symbol file
- Loaded All Assemblies, in  0.356 seconds
Native extension for WindowsStandalone target not found
Native extension for Android target not found
[Package Manager] Server::EnsureServerProcessIsRunning -- launch failed, reason: Unity was launched with the -noUpm command-line argument
[Package Manager] UpmClient::Send -- Unable to send message (not connected to UPM process).
[Package Manager] Cannot connect to Unity Package Manager local server
[Package Manager] Server::EnsureServerProcessIsRunning -- launch failed, reason: Unity was launched with the -noUpm command-line argument
[Package Manager] UpmClient::Send -- Unable to send message (not connected to UPM process).
[Package Manager] Cannot connect to Unity Package Manager local server
[Package Manager] Server::EnsureServerProcessIsRunning -- launch failed, reason: Unity was launched with the -noUpm command-line argument
[Package Manager] UpmClient::Send -- Unable to send message (not connected to UPM process).
[Package Manager] Cannot connect to Unity Package Manager local server
System.Reflection.TargetInvocationException: Exception has been thrown by the target of an invocation. ---> System.NullReferenceException: Object reference not set to an instance of an object
  at Unity.XR.Oculus.OculusLoader.AssetPathToAbsolutePath (System.String assetPath) [0x0003d] in .\Library\PackageCache\com.unity.xr.oculus@4.2.0\Runtime\OculusLoader.cs:298 
  at Unity.XR.Oculus.OculusLoader.EditorLoadOVRPlugin () [0x0008c] in .\Library\PackageCache\com.unity.xr.oculus@4.2.0\Runtime\OculusLoader.cs:283 
  at (wrapper managed-to-native) System.Reflection.RuntimeMethodInfo.InternalInvoke(System.Reflection.RuntimeMethodInfo,object,object[],System.Exception&)
  at System.Reflection.RuntimeMethodInfo.Invoke (System.Object obj, System.Reflection.BindingFlags invokeAttr, System.Reflection.Binder binder, System.Object[] parameters, System.Globalization.CultureInfo culture) [0x0006a] in <8ce0bd04a7a04b4b9395538239d3fdd8>:0 
   --- End of inner exception stack trace ---
  at System.Reflection.RuntimeMethodInfo.Invoke (System.Object obj, System.Reflection.BindingFlags invokeAttr, System.Reflection.Binder binder, System.Object[] parameters, System.Globalization.CultureInfo culture) [0x00083] in <8ce0bd04a7a04b4b9395538239d3fdd8>:0 
  at System.Reflection.MethodBase.Invoke (System.Object obj, System.Object[] parameters) [0x00000] in <8ce0bd04a7a04b4b9395538239d3fdd8>:0 
  at UnityEditor.EditorAssemblies.ProcessInitializeOnLoadMethodAttributes () [0x000a5] in <e0a2c8363ef54a6393fed120beebdb7a>:0 
UnityEngine.StackTraceUtility:ExtractStackTrace ()
UnityEngine.DebugLogHandler:LogFormat (UnityEngine.LogType,UnityEngine.Object,string,object[])
UnityEngine.Logger:Log (UnityEngine.LogType,object)
UnityEngine.Debug:LogError (object)
UnityEditor.EditorAssemblies:ProcessInitializeOnLoadMethodAttributes ()

Mono: successfully reloaded assembly
[Package Manager] Server::EnsureServerProcessIsRunning -- launch failed, reason: Unity was launched with the -noUpm command-line argument
[Package Manager] UpmClient::Send -- Unable to send message (not connected to UPM process).
[Package Manager] Cannot connect to Unity Package Manager local server
- Finished resetting the current domain, in  0.793 seconds
Domain Reload Profiling: 1148ms
	BeginReloadAssembly (122ms)
		ExecutionOrderSort (0ms)
		DisableScriptedObjects (2ms)
		BackupInstance (0ms)
		ReleaseScriptingObjects (0ms)
		CreateAndSetChildDomain (40ms)
	RebuildCommonClasses (21ms)
	RebuildNativeTypeToScriptingClass (7ms)
	initialDomainReloadingComplete (14ms)
	LoadAllAssembliesAndSetupDomain (192ms)
		LoadAssemblies (207ms)
		RebuildTransferFunctionScriptingTraits (0ms)
		AnalyzeDomain (39ms)
			TypeCache.Refresh (12ms)
				TypeCache.ScanAssembly (0ms)
			ScanForSourceGeneratedMonoScriptInfo (16ms)
			ResolveRequiredComponents (10ms)
	FinalizeReload (793ms)
		ReleaseScriptCaches (0ms)
		RebuildScriptCaches (0ms)
		SetupLoadedEditorAssemblies (462ms)
			LogAssemblyErrors (0ms)
			InitializePlatformSupportModulesInManaged (10ms)
			SetLoadedEditorAssemblies (3ms)
			RefreshPlugins (0ms)
			BeforeProcessingInitializeOnLoad (53ms)
			ProcessInitializeOnLoadAttributes (356ms)
			ProcessInitializeOnLoadMethodAttributes (39ms)
			AfterProcessingInitializeOnLoad (1ms)
			EditorAssembliesLoaded (0ms)
		ExecutionOrderSort2 (0ms)
		AwakeInstancesAfterBackupRestoration (6ms)
Shader 'Oculus/OVRMRCameraFrameLit': fallback shader 'Alpha-Diffuse' not found
Shader 'Meta/MRUK/Scene/HighlightsAndShadows': fallback shader 'Off' not found
Refreshing native plugins compatible for Editor in 15.58 ms, found 19 plugins.
Preloading 3 native plugins for Editor in 0.19 ms.
Unloading 6389 Unused Serialized files (Serialized files now loaded: 0)
Unloading 121 unused Assets / (487.7 KB). Loaded Objects now: 6990.
Memory consumption went from 220.3 MB to 219.9 MB.
Total: 4.590300 ms (FindLiveObjects: 0.292700 ms CreateObjectMapping: 0.128600 ms MarkObjects: 3.808700 ms  DeleteObjects: 0.359400 ms)

Prepare: number of updated asset objects reloaded= 0
AssetImportParameters requested are different than current active one (requested -> active):
  custom:container-demuxer-ogg: 62fdf1f143b41e24485cea50d1cbac27 -> 
  custom:framework-win-MediaFoundation: 216162199b28c13a410421893ffa2e32 -> 
  custom:scripting/monoscript/fileName/LevelSelector.cs: b02458bbe4118542a83a68116667188b -> 
  custom:container-muxer-webm: aa71ff27fc2769a1b78a27578f13a17b -> 
  custom:video-decoder-webm-vp8: 9c59270c3fd7afecdb556c50c9e8de78 -> 
  custom:SearchIndexIgnoredProperties: e643bd26f0fe6173181afceb89e7c659 -> 
  custom:AudioImporter_EditorPlatform: d09bf68614088b80899f8185d706f6e7 -> 
  custom:audio-decoder-ogg-vorbis: bf7c407c2cedff20999df2af8eb42d56 -> 
  custom:audio-encoder-webm-vorbis: bf7c407c2cedff20999df2af8eb42d56 -> 
  custom:scripting/precompiled-assembly-types:Assembly-CSharp: 9f7e0689c4c3f1f817e637a7fa3398ce -> fb870b2f6c6f9ab484441b5cc2b09954
  custom:video-codec-MediaFoundation-h265: 746d11721c4dcdbdad8f713fa42b33f4 -> 
  custom:video-decoder-ogg-theora: a1e56fd34408186e4bbccfd4996cb3dc -> 
  custom:CustomObjectIndexerAttribute: 9a22284fe3817be447336de3de66b15e -> 
  custom:container-demuxer-webm: 4f35f7cbe854078d1ac9338744f61a02 -> 
  custom:video-encoder-webm-vp8: eb34c28f22e8b96e1ab97ce403110664 -> 
  custom:scripting/monoscript/fileName/PortalManager.cs: afea637cc79decdd00221b428a4b69f1 -> 
========================================================================
Received Prepare
Caller must complete domain reload
Begin MonoManager ReloadAssembly
Symbol file LoadedFromMemory is not a mono symbol file
- Loaded All Assemblies, in  0.541 seconds
Native extension for WindowsStandalone target not found
Native extension for Android target not found
[Package Manager] Server::EnsureServerProcessIsRunning -- launch failed, reason: Unity was launched with the -noUpm command-line argument
[Package Manager] UpmClient::Send -- Unable to send message (not connected to UPM process).
[Package Manager] Cannot connect to Unity Package Manager local server
[Package Manager] Server::EnsureServerProcessIsRunning -- launch failed, reason: Unity was launched with the -noUpm command-line argument
[Package Manager] UpmClient::Send -- Unable to send message (not connected to UPM process).
[Package Manager] Cannot connect to Unity Package Manager local server
[Package Manager] Server::EnsureServerProcessIsRunning -- launch failed, reason: Unity was launched with the -noUpm command-line argument
[Package Manager] UpmClient::Send -- Unable to send message (not connected to UPM process).
[Package Manager] Cannot connect to Unity Package Manager local server
System.Reflection.TargetInvocationException: Exception has been thrown by the target of an invocation. ---> System.NullReferenceException: Object reference not set to an instance of an object
  at Unity.XR.Oculus.OculusLoader.AssetPathToAbsolutePath (System.String assetPath) [0x0003d] in .\Library\PackageCache\com.unity.xr.oculus@4.2.0\Runtime\OculusLoader.cs:298 
  at Unity.XR.Oculus.OculusLoader.EditorLoadOVRPlugin () [0x0008c] in .\Library\PackageCache\com.unity.xr.oculus@4.2.0\Runtime\OculusLoader.cs:283 
  at (wrapper managed-to-native) System.Reflection.RuntimeMethodInfo.InternalInvoke(System.Reflection.RuntimeMethodInfo,object,object[],System.Exception&)
  at System.Reflection.RuntimeMethodInfo.Invoke (System.Object obj, System.Reflection.BindingFlags invokeAttr, System.Reflection.Binder binder, System.Object[] parameters, System.Globalization.CultureInfo culture) [0x0006a] in <8ce0bd04a7a04b4b9395538239d3fdd8>:0 
   --- End of inner exception stack trace ---
  at System.Reflection.RuntimeMethodInfo.Invoke (System.Object obj, System.Reflection.BindingFlags invokeAttr, System.Reflection.Binder binder, System.Object[] parameters, System.Globalization.CultureInfo culture) [0x00083] in <8ce0bd04a7a04b4b9395538239d3fdd8>:0 
  at System.Reflection.MethodBase.Invoke (System.Object obj, System.Object[] parameters) [0x00000] in <8ce0bd04a7a04b4b9395538239d3fdd8>:0 
  at UnityEditor.EditorAssemblies.ProcessInitializeOnLoadMethodAttributes () [0x000a5] in <e0a2c8363ef54a6393fed120beebdb7a>:0 
UnityEngine.StackTraceUtility:ExtractStackTrace ()
UnityEngine.DebugLogHandler:LogFormat (UnityEngine.LogType,UnityEngine.Object,string,object[])
UnityEngine.Logger:Log (UnityEngine.LogType,object)
UnityEngine.Debug:LogError (object)
UnityEditor.EditorAssemblies:ProcessInitializeOnLoadMethodAttributes ()

Mono: successfully reloaded assembly
[Package Manager] Server::EnsureServerProcessIsRunning -- launch failed, reason: Unity was launched with the -noUpm command-line argument
[Package Manager] UpmClient::Send -- Unable to send message (not connected to UPM process).
[Package Manager] Cannot connect to Unity Package Manager local server
- Finished resetting the current domain, in  1.036 seconds
Domain Reload Profiling: 1574ms
	BeginReloadAssembly (166ms)
		ExecutionOrderSort (0ms)
		DisableScriptedObjects (4ms)
		BackupInstance (0ms)
		ReleaseScriptingObjects (0ms)
		CreateAndSetChildDomain (46ms)
	RebuildCommonClasses (29ms)
	RebuildNativeTypeToScriptingClass (11ms)
	initialDomainReloadingComplete (25ms)
	LoadAllAssembliesAndSetupDomain (306ms)
		LoadAssemblies (341ms)
		RebuildTransferFunctionScriptingTraits (0ms)
		AnalyzeDomain (59ms)
			TypeCache.Refresh (17ms)
				TypeCache.ScanAssembly (0ms)
			ScanForSourceGeneratedMonoScriptInfo (21ms)
			ResolveRequiredComponents (19ms)
	FinalizeReload (1037ms)
		ReleaseScriptCaches (0ms)
		RebuildScriptCaches (0ms)
		SetupLoadedEditorAssemblies (424ms)
			LogAssemblyErrors (0ms)
			InitializePlatformSupportModulesInManaged (12ms)
			SetLoadedEditorAssemblies (3ms)
			RefreshPlugins (0ms)
			BeforeProcessingInitializeOnLoad (57ms)
			ProcessInitializeOnLoadAttributes (310ms)
			ProcessInitializeOnLoadMethodAttributes (41ms)
			AfterProcessingInitializeOnLoad (1ms)
			EditorAssembliesLoaded (0ms)
		ExecutionOrderSort2 (0ms)
		AwakeInstancesAfterBackupRestoration (6ms)
Shader 'Oculus/OVRMRCameraFrameLit': fallback shader 'Alpha-Diffuse' not found
Shader 'Meta/MRUK/Scene/HighlightsAndShadows': fallback shader 'Off' not found
Refreshing native plugins compatible for Editor in 13.00 ms, found 19 plugins.
Preloading 3 native plugins for Editor in 0.17 ms.
Unloading 6390 Unused Serialized files (Serialized files now loaded: 0)
Unloading 121 unused Assets / (487.4 KB). Loaded Objects now: 6994.
Memory consumption went from 220.6 MB to 220.1 MB.
Total: 5.016500 ms (FindLiveObjects: 0.293800 ms CreateObjectMapping: 0.133300 ms MarkObjects: 4.353700 ms  DeleteObjects: 0.234500 ms)

Prepare: number of updated asset objects reloaded= 0
AssetImportParameters requested are different than current active one (requested -> active):
  custom:container-demuxer-ogg: 62fdf1f143b41e24485cea50d1cbac27 -> 
  custom:framework-win-MediaFoundation: 216162199b28c13a410421893ffa2e32 -> 
  custom:scripting/monoscript/fileName/LevelSelector.cs: b02458bbe4118542a83a68116667188b -> 
  custom:container-muxer-webm: aa71ff27fc2769a1b78a27578f13a17b -> 
  custom:video-decoder-webm-vp8: 9c59270c3fd7afecdb556c50c9e8de78 -> 
  custom:SearchIndexIgnoredProperties: e643bd26f0fe6173181afceb89e7c659 -> 
  custom:AudioImporter_EditorPlatform: d09bf68614088b80899f8185d706f6e7 -> 
  custom:audio-decoder-ogg-vorbis: bf7c407c2cedff20999df2af8eb42d56 -> 
  custom:audio-encoder-webm-vorbis: bf7c407c2cedff20999df2af8eb42d56 -> 
  custom:scripting/precompiled-assembly-types:Assembly-CSharp: 9f7e0689c4c3f1f817e637a7fa3398ce -> fb870b2f6c6f9ab484441b5cc2b09954
  custom:video-codec-MediaFoundation-h265: 746d11721c4dcdbdad8f713fa42b33f4 -> 
  custom:video-decoder-ogg-theora: a1e56fd34408186e4bbccfd4996cb3dc -> 
  custom:CustomObjectIndexerAttribute: 9a22284fe3817be447336de3de66b15e -> 
  custom:container-demuxer-webm: 4f35f7cbe854078d1ac9338744f61a02 -> 
  custom:video-encoder-webm-vp8: eb34c28f22e8b96e1ab97ce403110664 -> 
  custom:scripting/monoscript/fileName/PortalManager.cs: afea637cc79decdd00221b428a4b69f1 -> 
========================================================================
Received Import Request.
  Time since last request: 45.425557 seconds.
  path: Assets/Scripts/PortalManager.cs
  artifactKey: Guid(d2781bf2b98725b4eb95f2a4ddb3ee16) Importer(815301076,1909f56bfc062723c751e8b465ee728b)
Start importing Assets/Scripts/PortalManager.cs using Guid(d2781bf2b98725b4eb95f2a4ddb3ee16) Importer(815301076,1909f56bfc062723c751e8b465ee728b) [PhysX] Initialized MultithreadedTaskDispatcher with 28 workers.
 -> (artifact id: 'bdbf6a509ca71660b1bd4110a45c9b47') in 0.001367 seconds
Number of updated asset objects reloaded before import = 0
Number of asset objects unloaded after import = 0
========================================================================
Received Import Request.
  Time since last request: 16.750094 seconds.
  path: Assets/Scripts/Portal.cs
  artifactKey: Guid(558c6d8d26483ac44975b394d9d0eedf) Importer(815301076,1909f56bfc062723c751e8b465ee728b)
Start importing Assets/Scripts/Portal.cs using Guid(558c6d8d26483ac44975b394d9d0eedf) Importer(815301076,1909f56bfc062723c751e8b465ee728b) [PhysX] Initialized MultithreadedTaskDispatcher with 28 workers.
 -> (artifact id: '4152987b47f0b27f775ae918e8f03ecb') in 0.000550 seconds
Number of updated asset objects reloaded before import = 0
Number of asset objects unloaded after import = 0
========================================================================
Received Prepare
Caller must complete domain reload
Begin MonoManager ReloadAssembly
Symbol file LoadedFromMemory is not a mono symbol file
- Loaded All Assemblies, in  0.370 seconds
Native extension for WindowsStandalone target not found
Native extension for Android target not found
[Package Manager] Server::EnsureServerProcessIsRunning -- launch failed, reason: Unity was launched with the -noUpm command-line argument
[Package Manager] UpmClient::Send -- Unable to send message (not connected to UPM process).
[Package Manager] Cannot connect to Unity Package Manager local server
[Package Manager] Server::EnsureServerProcessIsRunning -- launch failed, reason: Unity was launched with the -noUpm command-line argument
[Package Manager] UpmClient::Send -- Unable to send message (not connected to UPM process).
[Package Manager] Cannot connect to Unity Package Manager local server
[Package Manager] Server::EnsureServerProcessIsRunning -- launch failed, reason: Unity was launched with the -noUpm command-line argument
[Package Manager] UpmClient::Send -- Unable to send message (not connected to UPM process).
[Package Manager] Cannot connect to Unity Package Manager local server
System.Reflection.TargetInvocationException: Exception has been thrown by the target of an invocation. ---> System.NullReferenceException: Object reference not set to an instance of an object
  at Unity.XR.Oculus.OculusLoader.AssetPathToAbsolutePath (System.String assetPath) [0x0003d] in .\Library\PackageCache\com.unity.xr.oculus@4.2.0\Runtime\OculusLoader.cs:298 
  at Unity.XR.Oculus.OculusLoader.EditorLoadOVRPlugin () [0x0008c] in .\Library\PackageCache\com.unity.xr.oculus@4.2.0\Runtime\OculusLoader.cs:283 
  at (wrapper managed-to-native) System.Reflection.RuntimeMethodInfo.InternalInvoke(System.Reflection.RuntimeMethodInfo,object,object[],System.Exception&)
  at System.Reflection.RuntimeMethodInfo.Invoke (System.Object obj, System.Reflection.BindingFlags invokeAttr, System.Reflection.Binder binder, System.Object[] parameters, System.Globalization.CultureInfo culture) [0x0006a] in <8ce0bd04a7a04b4b9395538239d3fdd8>:0 
   --- End of inner exception stack trace ---
  at System.Reflection.RuntimeMethodInfo.Invoke (System.Object obj, System.Reflection.BindingFlags invokeAttr, System.Reflection.Binder binder, System.Object[] parameters, System.Globalization.CultureInfo culture) [0x00083] in <8ce0bd04a7a04b4b9395538239d3fdd8>:0 
  at System.Reflection.MethodBase.Invoke (System.Object obj, System.Object[] parameters) [0x00000] in <8ce0bd04a7a04b4b9395538239d3fdd8>:0 
  at UnityEditor.EditorAssemblies.ProcessInitializeOnLoadMethodAttributes () [0x000a5] in <e0a2c8363ef54a6393fed120beebdb7a>:0 
UnityEngine.StackTraceUtility:ExtractStackTrace ()
UnityEngine.DebugLogHandler:LogFormat (UnityEngine.LogType,UnityEngine.Object,string,object[])
UnityEngine.Logger:Log (UnityEngine.LogType,object)
UnityEngine.Debug:LogError (object)
UnityEditor.EditorAssemblies:ProcessInitializeOnLoadMethodAttributes ()

Mono: successfully reloaded assembly
[Package Manager] Server::EnsureServerProcessIsRunning -- launch failed, reason: Unity was launched with the -noUpm command-line argument
[Package Manager] UpmClient::Send -- Unable to send message (not connected to UPM process).
[Package Manager] Cannot connect to Unity Package Manager local server
- Finished resetting the current domain, in  0.842 seconds
Domain Reload Profiling: 1212ms
	BeginReloadAssembly (119ms)
		ExecutionOrderSort (0ms)
		DisableScriptedObjects (2ms)
		BackupInstance (0ms)
		ReleaseScriptingObjects (0ms)
		CreateAndSetChildDomain (31ms)
	RebuildCommonClasses (20ms)
	RebuildNativeTypeToScriptingClass (7ms)
	initialDomainReloadingComplete (14ms)
	LoadAllAssembliesAndSetupDomain (210ms)
		LoadAssemblies (236ms)
		RebuildTransferFunctionScriptingTraits (0ms)
		AnalyzeDomain (34ms)
			TypeCache.Refresh (10ms)
				TypeCache.ScanAssembly (0ms)
			ScanForSourceGeneratedMonoScriptInfo (13ms)
			ResolveRequiredComponents (10ms)
	FinalizeReload (843ms)
		ReleaseScriptCaches (0ms)
		RebuildScriptCaches (0ms)
		SetupLoadedEditorAssemblies (476ms)
			LogAssemblyErrors (0ms)
			InitializePlatformSupportModulesInManaged (10ms)
			SetLoadedEditorAssemblies (3ms)
			RefreshPlugins (0ms)
			BeforeProcessingInitializeOnLoad (55ms)
			ProcessInitializeOnLoadAttributes (359ms)
			ProcessInitializeOnLoadMethodAttributes (49ms)
			AfterProcessingInitializeOnLoad (1ms)
			EditorAssembliesLoaded (0ms)
		ExecutionOrderSort2 (0ms)
		AwakeInstancesAfterBackupRestoration (7ms)
Shader 'Oculus/OVRMRCameraFrameLit': fallback shader 'Alpha-Diffuse' not found
Shader 'Meta/MRUK/Scene/HighlightsAndShadows': fallback shader 'Off' not found
Refreshing native plugins compatible for Editor in 19.04 ms, found 19 plugins.
Preloading 3 native plugins for Editor in 0.22 ms.
Unloading 6390 Unused Serialized files (Serialized files now loaded: 0)
Unloading 121 unused Assets / (487.8 KB). Loaded Objects now: 6999.
Memory consumption went from 220.4 MB to 219.9 MB.
Total: 8.336900 ms (FindLiveObjects: 0.490300 ms CreateObjectMapping: 0.191500 ms MarkObjects: 7.294600 ms  DeleteObjects: 0.359200 ms)

Prepare: number of updated asset objects reloaded= 0
AssetImportParameters requested are different than current active one (requested -> active):
  custom:container-demuxer-ogg: 62fdf1f143b41e24485cea50d1cbac27 -> 
  custom:framework-win-MediaFoundation: 216162199b28c13a410421893ffa2e32 -> 
  custom:scripting/monoscript/fileName/LevelSelector.cs: b02458bbe4118542a83a68116667188b -> 
  custom:container-muxer-webm: aa71ff27fc2769a1b78a27578f13a17b -> 
  custom:video-decoder-webm-vp8: 9c59270c3fd7afecdb556c50c9e8de78 -> 
  custom:scripting/monoscript/fileName/Portal.cs: 9f1b097a446c59dbd7bdb929b746c5a7 -> 
  custom:SearchIndexIgnoredProperties: e643bd26f0fe6173181afceb89e7c659 -> 
  custom:AudioImporter_EditorPlatform: d09bf68614088b80899f8185d706f6e7 -> 
  custom:audio-decoder-ogg-vorbis: bf7c407c2cedff20999df2af8eb42d56 -> 
  custom:audio-encoder-webm-vorbis: bf7c407c2cedff20999df2af8eb42d56 -> 
  custom:scripting/precompiled-assembly-types:Assembly-CSharp: 85ab5a133535ab06c3f129cd995f0175 -> fb870b2f6c6f9ab484441b5cc2b09954
  custom:video-codec-MediaFoundation-h265: 746d11721c4dcdbdad8f713fa42b33f4 -> 
  custom:video-decoder-ogg-theora: a1e56fd34408186e4bbccfd4996cb3dc -> 
  custom:CustomObjectIndexerAttribute: 9a22284fe3817be447336de3de66b15e -> 
  custom:container-demuxer-webm: 4f35f7cbe854078d1ac9338744f61a02 -> 
  custom:video-encoder-webm-vp8: eb34c28f22e8b96e1ab97ce403110664 -> 
  custom:scripting/monoscript/fileName/PortalManager.cs: afea637cc79decdd00221b428a4b69f1 -> 
========================================================================
Received Import Request.
  Time since last request: 6.446986 seconds.
  path: Assets/Scripts/Portal.cs
  artifactKey: Guid(558c6d8d26483ac44975b394d9d0eedf) Importer(815301076,1909f56bfc062723c751e8b465ee728b)
Start importing Assets/Scripts/Portal.cs using Guid(558c6d8d26483ac44975b394d9d0eedf) Importer(815301076,1909f56bfc062723c751e8b465ee728b) [PhysX] Initialized MultithreadedTaskDispatcher with 28 workers.
 -> (artifact id: '7101b252a24209c2a38c10fcbbee9b79') in 0.002731 seconds
Number of updated asset objects reloaded before import = 0
Number of asset objects unloaded after import = 0
========================================================================
Received Prepare
Caller must complete domain reload
Begin MonoManager ReloadAssembly
Symbol file LoadedFromMemory is not a mono symbol file
- Loaded All Assemblies, in  0.543 seconds
Native extension for WindowsStandalone target not found
Native extension for Android target not found
[Package Manager] Server::EnsureServerProcessIsRunning -- launch failed, reason: Unity was launched with the -noUpm command-line argument
[Package Manager] UpmClient::Send -- Unable to send message (not connected to UPM process).
[Package Manager] Cannot connect to Unity Package Manager local server
[Package Manager] Server::EnsureServerProcessIsRunning -- launch failed, reason: Unity was launched with the -noUpm command-line argument
[Package Manager] UpmClient::Send -- Unable to send message (not connected to UPM process).
[Package Manager] Cannot connect to Unity Package Manager local server
[Package Manager] Server::EnsureServerProcessIsRunning -- launch failed, reason: Unity was launched with the -noUpm command-line argument
[Package Manager] UpmClient::Send -- Unable to send message (not connected to UPM process).
[Package Manager] Cannot connect to Unity Package Manager local server
System.Reflection.TargetInvocationException: Exception has been thrown by the target of an invocation. ---> System.NullReferenceException: Object reference not set to an instance of an object
  at Unity.XR.Oculus.OculusLoader.AssetPathToAbsolutePath (System.String assetPath) [0x0003d] in .\Library\PackageCache\com.unity.xr.oculus@4.2.0\Runtime\OculusLoader.cs:298 
  at Unity.XR.Oculus.OculusLoader.EditorLoadOVRPlugin () [0x0008c] in .\Library\PackageCache\com.unity.xr.oculus@4.2.0\Runtime\OculusLoader.cs:283 
  at (wrapper managed-to-native) System.Reflection.RuntimeMethodInfo.InternalInvoke(System.Reflection.RuntimeMethodInfo,object,object[],System.Exception&)
  at System.Reflection.RuntimeMethodInfo.Invoke (System.Object obj, System.Reflection.BindingFlags invokeAttr, System.Reflection.Binder binder, System.Object[] parameters, System.Globalization.CultureInfo culture) [0x0006a] in <8ce0bd04a7a04b4b9395538239d3fdd8>:0 
   --- End of inner exception stack trace ---
  at System.Reflection.RuntimeMethodInfo.Invoke (System.Object obj, System.Reflection.BindingFlags invokeAttr, System.Reflection.Binder binder, System.Object[] parameters, System.Globalization.CultureInfo culture) [0x00083] in <8ce0bd04a7a04b4b9395538239d3fdd8>:0 
  at System.Reflection.MethodBase.Invoke (System.Object obj, System.Object[] parameters) [0x00000] in <8ce0bd04a7a04b4b9395538239d3fdd8>:0 
  at UnityEditor.EditorAssemblies.ProcessInitializeOnLoadMethodAttributes () [0x000a5] in <e0a2c8363ef54a6393fed120beebdb7a>:0 
UnityEngine.StackTraceUtility:ExtractStackTrace ()
UnityEngine.DebugLogHandler:LogFormat (UnityEngine.LogType,UnityEngine.Object,string,object[])
UnityEngine.Logger:Log (UnityEngine.LogType,object)
UnityEngine.Debug:LogError (object)
UnityEditor.EditorAssemblies:ProcessInitializeOnLoadMethodAttributes ()

Mono: successfully reloaded assembly
[Package Manager] Server::EnsureServerProcessIsRunning -- launch failed, reason: Unity was launched with the -noUpm command-line argument
[Package Manager] UpmClient::Send -- Unable to send message (not connected to UPM process).
[Package Manager] Cannot connect to Unity Package Manager local server
- Finished resetting the current domain, in  0.939 seconds
Domain Reload Profiling: 1481ms
	BeginReloadAssembly (171ms)
		ExecutionOrderSort (0ms)
		DisableScriptedObjects (4ms)
		BackupInstance (0ms)
		ReleaseScriptingObjects (0ms)
		CreateAndSetChildDomain (50ms)
	RebuildCommonClasses (33ms)
	RebuildNativeTypeToScriptingClass (11ms)
	initialDomainReloadingComplete (23ms)
	LoadAllAssembliesAndSetupDomain (304ms)
		LoadAssemblies (337ms)
		RebuildTransferFunctionScriptingTraits (0ms)
		AnalyzeDomain (52ms)
			TypeCache.Refresh (14ms)
				TypeCache.ScanAssembly (0ms)
			ScanForSourceGeneratedMonoScriptInfo (18ms)
			ResolveRequiredComponents (17ms)
	FinalizeReload (939ms)
		ReleaseScriptCaches (0ms)
		RebuildScriptCaches (0ms)
		SetupLoadedEditorAssemblies (415ms)
			LogAssemblyErrors (0ms)
			InitializePlatformSupportModulesInManaged (10ms)
			SetLoadedEditorAssemblies (3ms)
			RefreshPlugins (0ms)
			BeforeProcessingInitializeOnLoad (54ms)
			ProcessInitializeOnLoadAttributes (308ms)
			ProcessInitializeOnLoadMethodAttributes (38ms)
			AfterProcessingInitializeOnLoad (1ms)
			EditorAssembliesLoaded (0ms)
		ExecutionOrderSort2 (0ms)
		AwakeInstancesAfterBackupRestoration (5ms)
Shader 'Oculus/OVRMRCameraFrameLit': fallback shader 'Alpha-Diffuse' not found
Shader 'Meta/MRUK/Scene/HighlightsAndShadows': fallback shader 'Off' not found
Refreshing native plugins compatible for Editor in 11.10 ms, found 19 plugins.
Preloading 3 native plugins for Editor in 0.12 ms.
Unloading 6390 Unused Serialized files (Serialized files now loaded: 0)
Unloading 121 unused Assets / (487.6 KB). Loaded Objects now: 7003.
Memory consumption went from 220.4 MB to 219.9 MB.
Total: 4.254100 ms (FindLiveObjects: 0.297200 ms CreateObjectMapping: 0.119300 ms MarkObjects: 3.604400 ms  DeleteObjects: 0.232800 ms)

Prepare: number of updated asset objects reloaded= 0
AssetImportParameters requested are different than current active one (requested -> active):
  custom:container-demuxer-ogg: 62fdf1f143b41e24485cea50d1cbac27 -> 
  custom:framework-win-MediaFoundation: 216162199b28c13a410421893ffa2e32 -> 
  custom:scripting/monoscript/fileName/LevelSelector.cs: b02458bbe4118542a83a68116667188b -> 
  custom:container-muxer-webm: aa71ff27fc2769a1b78a27578f13a17b -> 
  custom:video-decoder-webm-vp8: 9c59270c3fd7afecdb556c50c9e8de78 -> 
  custom:scripting/monoscript/fileName/Portal.cs: 9f1b097a446c59dbd7bdb929b746c5a7 -> 
  custom:SearchIndexIgnoredProperties: e643bd26f0fe6173181afceb89e7c659 -> 
  custom:AudioImporter_EditorPlatform: d09bf68614088b80899f8185d706f6e7 -> 
  custom:audio-decoder-ogg-vorbis: bf7c407c2cedff20999df2af8eb42d56 -> 
  custom:audio-encoder-webm-vorbis: bf7c407c2cedff20999df2af8eb42d56 -> 
  custom:scripting/precompiled-assembly-types:Assembly-CSharp: 85ab5a133535ab06c3f129cd995f0175 -> fb870b2f6c6f9ab484441b5cc2b09954
  custom:video-codec-MediaFoundation-h265: 746d11721c4dcdbdad8f713fa42b33f4 -> 
  custom:video-decoder-ogg-theora: a1e56fd34408186e4bbccfd4996cb3dc -> 
  custom:CustomObjectIndexerAttribute: 9a22284fe3817be447336de3de66b15e -> 
  custom:container-demuxer-webm: 4f35f7cbe854078d1ac9338744f61a02 -> 
  custom:video-encoder-webm-vp8: eb34c28f22e8b96e1ab97ce403110664 -> 
  custom:scripting/monoscript/fileName/PortalManager.cs: afea637cc79decdd00221b428a4b69f1 -> 
========================================================================
Received Import Request.
  Time since last request: 70.972990 seconds.
  path: Assets/Modular Castle/Assets/models/castle.fbx
  artifactKey: Guid(a7cc7f41ce50a474aa1df610be0b810f) Importer(815301076,1909f56bfc062723c751e8b465ee728b)
Start importing Assets/Modular Castle/Assets/models/castle.fbx using Guid(a7cc7f41ce50a474aa1df610be0b810f) Importer(815301076,1909f56bfc062723c751e8b465ee728b) [PhysX] Initialized MultithreadedTaskDispatcher with 28 workers.
[PhysX] Initialized MultithreadedTaskDispatcher with 28 workers.
[PhysX] Initialized MultithreadedTaskDispatcher with 28 workers.
[PhysX] Initialized MultithreadedTaskDispatcher with 28 workers.
[PhysX] Initialized MultithreadedTaskDispatcher with 28 workers.
[PhysX] Initialized MultithreadedTaskDispatcher with 28 workers.
[PhysX] Initialized MultithreadedTaskDispatcher with 28 workers.
[PhysX] Initialized MultithreadedTaskDispatcher with 28 workers.
[PhysX] Initialized MultithreadedTaskDispatcher with 28 workers.
[PhysX] Initialized MultithreadedTaskDispatcher with 28 workers.
[PhysX] Initialized MultithreadedTaskDispatcher with 28 workers.
[PhysX] Initialized MultithreadedTaskDispatcher with 28 workers.
[PhysX] Initialized MultithreadedTaskDispatcher with 28 workers.
[PhysX] Initialized MultithreadedTaskDispatcher with 28 workers.
[PhysX] Initialized MultithreadedTaskDispatcher with 28 workers.
[PhysX] Initialized MultithreadedTaskDispatcher with 28 workers.
[PhysX] Initialized MultithreadedTaskDispatcher with 28 workers.
[PhysX] Initialized MultithreadedTaskDispatcher with 28 workers.
[PhysX] Initialized MultithreadedTaskDispatcher with 28 workers.
[PhysX] Initialized MultithreadedTaskDispatcher with 28 workers.
[PhysX] Initialized MultithreadedTaskDispatcher with 28 workers.
[PhysX] Initialized MultithreadedTaskDispatcher with 28 workers.
[PhysX] Initialized MultithreadedTaskDispatcher with 28 workers.
[PhysX] Initialized MultithreadedTaskDispatcher with 28 workers.
[PhysX] Initialized MultithreadedTaskDispatcher with 28 workers.
[PhysX] Initialized MultithreadedTaskDispatcher with 28 workers.
[PhysX] Initialized MultithreadedTaskDispatcher with 28 workers.
[PhysX] Initialized MultithreadedTaskDispatcher with 28 workers.
[PhysX] Initialized MultithreadedTaskDispatcher with 28 workers.
[PhysX] Initialized MultithreadedTaskDispatcher with 28 workers.
[PhysX] Initialized MultithreadedTaskDispatcher with 28 workers.
[PhysX] Initialized MultithreadedTaskDispatcher with 28 workers.
[PhysX] Initialized MultithreadedTaskDispatcher with 28 workers.
[PhysX] Initialized MultithreadedTaskDispatcher with 28 workers.
[PhysX] Initialized MultithreadedTaskDispatcher with 28 workers.
[PhysX] Initialized MultithreadedTaskDispatcher with 28 workers.
[PhysX] Initialized MultithreadedTaskDispatcher with 28 workers.
[PhysX] Initialized MultithreadedTaskDispatcher with 28 workers.
[PhysX] Initialized MultithreadedTaskDispatcher with 28 workers.
[PhysX] Initialized MultithreadedTaskDispatcher with 28 workers.
[PhysX] Initialized MultithreadedTaskDispatcher with 28 workers.
[PhysX] Initialized MultithreadedTaskDispatcher with 28 workers.
[PhysX] Initialized MultithreadedTaskDispatcher with 28 workers.
[PhysX] Initialized MultithreadedTaskDispatcher with 28 workers.
[PhysX] Initialized MultithreadedTaskDispatcher with 28 workers.
[PhysX] Initialized MultithreadedTaskDispatcher with 28 workers.
[PhysX] Initialized MultithreadedTaskDispatcher with 28 workers.
[PhysX] Initialized MultithreadedTaskDispatcher with 28 workers.
[PhysX] Initialized MultithreadedTaskDispatcher with 28 workers.
[PhysX] Initialized MultithreadedTaskDispatcher with 28 workers.
[PhysX] Initialized MultithreadedTaskDispatcher with 28 workers.
[PhysX] Initialized MultithreadedTaskDispatcher with 28 workers.
[PhysX] Initialized MultithreadedTaskDispatcher with 28 workers.
[PhysX] Initialized MultithreadedTaskDispatcher with 28 workers.
[PhysX] Initialized MultithreadedTaskDispatcher with 28 workers.
[PhysX] Initialized MultithreadedTaskDispatcher with 28 workers.
[PhysX] Initialized MultithreadedTaskDispatcher with 28 workers.
[PhysX] Initialized MultithreadedTaskDispatcher with 28 workers.
[PhysX] Initialized MultithreadedTaskDispatcher with 28 workers.
[PhysX] Initialized MultithreadedTaskDispatcher with 28 workers.
[PhysX] Initialized MultithreadedTaskDispatcher with 28 workers.
[PhysX] Initialized MultithreadedTaskDispatcher with 28 workers.
[PhysX] Initialized MultithreadedTaskDispatcher with 28 workers.
[PhysX] Initialized MultithreadedTaskDispatcher with 28 workers.
[PhysX] Initialized MultithreadedTaskDispatcher with 28 workers.
[PhysX] Initialized MultithreadedTaskDispatcher with 28 workers.
[PhysX] Initialized MultithreadedTaskDispatcher with 28 workers.
[PhysX] Initialized MultithreadedTaskDispatcher with 28 workers.
[PhysX] Initialized MultithreadedTaskDispatcher with 28 workers.
[PhysX] Initialized MultithreadedTaskDispatcher with 28 workers.
[PhysX] Initialized MultithreadedTaskDispatcher with 28 workers.
[PhysX] Initialized MultithreadedTaskDispatcher with 28 workers.
[PhysX] Initialized MultithreadedTaskDispatcher with 28 workers.
[PhysX] Initialized MultithreadedTaskDispatcher with 28 workers.
[PhysX] Initialized MultithreadedTaskDispatcher with 28 workers.
[PhysX] Initialized MultithreadedTaskDispatcher with 28 workers.
[PhysX] Initialized MultithreadedTaskDispatcher with 28 workers.
[PhysX] Initialized MultithreadedTaskDispatcher with 28 workers.
[PhysX] Initialized MultithreadedTaskDispatcher with 28 workers.
[PhysX] Initialized MultithreadedTaskDispatcher with 28 workers.
[PhysX] Initialized MultithreadedTaskDispatcher with 28 workers.
[PhysX] Initialized MultithreadedTaskDispatcher with 28 workers.
[PhysX] Initialized MultithreadedTaskDispatcher with 28 workers.
[PhysX] Initialized MultithreadedTaskDispatcher with 28 workers.
[PhysX] Initialized MultithreadedTaskDispatcher with 28 workers.
[PhysX] Initialized MultithreadedTaskDispatcher with 28 workers.
[PhysX] Initialized MultithreadedTaskDispatcher with 28 workers.
[PhysX] Initialized MultithreadedTaskDispatcher with 28 workers.
[PhysX] Initialized MultithreadedTaskDispatcher with 28 workers.
[PhysX] Initialized MultithreadedTaskDispatcher with 28 workers.
[PhysX] Initialized MultithreadedTaskDispatcher with 28 workers.
[PhysX] Initialized MultithreadedTaskDispatcher with 28 workers.
[PhysX] Initialized MultithreadedTaskDispatcher with 28 workers.
[PhysX] Initialized MultithreadedTaskDispatcher with 28 workers.
[PhysX] Initialized MultithreadedTaskDispatcher with 28 workers.
[PhysX] Initialized MultithreadedTaskDispatcher with 28 workers.
[PhysX] Initialized MultithreadedTaskDispatcher with 28 workers.
[PhysX] Initialized MultithreadedTaskDispatcher with 28 workers.
[PhysX] Initialized MultithreadedTaskDispatcher with 28 workers.
[PhysX] Initialized MultithreadedTaskDispatcher with 28 workers.
[PhysX] Initialized MultithreadedTaskDispatcher with 28 workers.
[PhysX] Initialized MultithreadedTaskDispatcher with 28 workers.
[PhysX] Initialized MultithreadedTaskDispatcher with 28 workers.
[PhysX] Initialized MultithreadedTaskDispatcher with 28 workers.
 -> (artifact id: 'b7cabd4f631f0a89fc7a5dc7f8dffd1b') in 0.477728 seconds
Number of updated asset objects reloaded before import = 0
Number of asset objects unloaded after import = 264
========================================================================
Received Import Request.
  Time since last request: 0.855148 seconds.
  path: Assets/Modular Castle/Assets/prefabs/axe.prefab
  artifactKey: Guid(16b050d469263fb4199ffa2bcf18bc6e) Importer(815301076,1909f56bfc062723c751e8b465ee728b)
Start importing Assets/Modular Castle/Assets/prefabs/axe.prefab using Guid(16b050d469263fb4199ffa2bcf18bc6e) Importer(815301076,1909f56bfc062723c751e8b465ee728b) [PhysX] Initialized MultithreadedTaskDispatcher with 28 workers.
[PhysX] Initialized MultithreadedTaskDispatcher with 28 workers.
 -> (artifact id: '10321a6cafbf9894bf29e714b317698a') in 0.012377 seconds
Number of updated asset objects reloaded before import = 0
Number of asset objects unloaded after import = 10
========================================================================
Received Import Request.
  Time since last request: 0.000017 seconds.
  path: Assets/Modular Castle/Assets/prefabs/box.prefab
  artifactKey: Guid(8799b841d75370f44ba4ccf79bc7658b) Importer(815301076,1909f56bfc062723c751e8b465ee728b)
Start importing Assets/Modular Castle/Assets/prefabs/box.prefab using Guid(8799b841d75370f44ba4ccf79bc7658b) Importer(815301076,1909f56bfc062723c751e8b465ee728b) [PhysX] Initialized MultithreadedTaskDispatcher with 28 workers.
[PhysX] Initialized MultithreadedTaskDispatcher with 28 workers.
 -> (artifact id: 'c661d52c5c75038e7d662d4de0683e31') in 0.008040 seconds
Number of updated asset objects reloaded before import = 0
Number of asset objects unloaded after import = 15
========================================================================
Received Import Request.
  Time since last request: 0.000020 seconds.
  path: Assets/Modular Castle/Assets/prefabs/box2.prefab
  artifactKey: Guid(cc099d4b9ab7d3b4287693466cb6ff9e) Importer(815301076,1909f56bfc062723c751e8b465ee728b)
Start importing Assets/Modular Castle/Assets/prefabs/box2.prefab using Guid(cc099d4b9ab7d3b4287693466cb6ff9e) Importer(815301076,1909f56bfc062723c751e8b465ee728b) [PhysX] Initialized MultithreadedTaskDispatcher with 28 workers.
[PhysX] Initialized MultithreadedTaskDispatcher with 28 workers.
 -> (artifact id: '0d8636d341cd1779b1469ea8b1a7b482') in 0.010283 seconds
Number of updated asset objects reloaded before import = 0
Number of asset objects unloaded after import = 10
========================================================================
Received Import Request.
  Time since last request: 0.000024 seconds.
  path: Assets/Modular Castle/Assets/prefabs/candleholder2.prefab
  artifactKey: Guid(b8bf93473c538e9438e008b08ea75354) Importer(815301076,1909f56bfc062723c751e8b465ee728b)
Start importing Assets/Modular Castle/Assets/prefabs/candleholder2.prefab using Guid(b8bf93473c538e9438e008b08ea75354) Importer(815301076,1909f56bfc062723c751e8b465ee728b) [PhysX] Initialized MultithreadedTaskDispatcher with 28 workers.
[PhysX] Initialized MultithreadedTaskDispatcher with 28 workers.
 -> (artifact id: '2fad08d0625a64f05334f6e1306569d0') in 0.009466 seconds
Number of updated asset objects reloaded before import = 0
Number of asset objects unloaded after import = 10
========================================================================
Received Import Request.
  Time since last request: 0.000030 seconds.
  path: Assets/Modular Castle/Assets/prefabs/carpet1.prefab
  artifactKey: Guid(a4bea53168e748947a482379d038f738) Importer(815301076,1909f56bfc062723c751e8b465ee728b)
Start importing Assets/Modular Castle/Assets/prefabs/carpet1.prefab using Guid(a4bea53168e748947a482379d038f738) Importer(815301076,1909f56bfc062723c751e8b465ee728b) [PhysX] Initialized MultithreadedTaskDispatcher with 28 workers.
[PhysX] Initialized MultithreadedTaskDispatcher with 28 workers.
 -> (artifact id: '8f35b7ea31e1c813de0b5e4e4ec535b9') in 0.008870 seconds
Number of updated asset objects reloaded before import = 0
Number of asset objects unloaded after import = 10
========================================================================
Received Import Request.
  Time since last request: 0.000021 seconds.
  path: Assets/Modular Castle/Assets/prefabs/decoration3.prefab
  artifactKey: Guid(e4c9015087da2854dbbd1ef410f75a01) Importer(815301076,1909f56bfc062723c751e8b465ee728b)
Start importing Assets/Modular Castle/Assets/prefabs/decoration3.prefab using Guid(e4c9015087da2854dbbd1ef410f75a01) Importer(815301076,1909f56bfc062723c751e8b465ee728b) [PhysX] Initialized MultithreadedTaskDispatcher with 28 workers.
[PhysX] Initialized MultithreadedTaskDispatcher with 28 workers.
 -> (artifact id: 'd36c3ba06f93fd36eb0a7d31dc73becf') in 0.009078 seconds
Number of updated asset objects reloaded before import = 0
Number of asset objects unloaded after import = 10
========================================================================
Received Import Request.
  Time since last request: 0.000019 seconds.
  path: Assets/Modular Castle/Assets/prefabs/candle2.prefab
  artifactKey: Guid(a3eea591edd85e94e9c893525e335cb0) Importer(815301076,1909f56bfc062723c751e8b465ee728b)
Start importing Assets/Modular Castle/Assets/prefabs/candle2.prefab using Guid(a3eea591edd85e94e9c893525e335cb0) Importer(815301076,1909f56bfc062723c751e8b465ee728b) [PhysX] Initialized MultithreadedTaskDispatcher with 28 workers.
[PhysX] Initialized MultithreadedTaskDispatcher with 28 workers.
 -> (artifact id: '1f754cce74528263f09efffc9bf14c98') in 0.012433 seconds
Number of updated asset objects reloaded before import = 0
Number of asset objects unloaded after import = 10
========================================================================
Received Import Request.
  Time since last request: 0.000022 seconds.
  path: Assets/Modular Castle/Assets/prefabs/candleholder1.prefab
  artifactKey: Guid(6bae6d1df8faaf748abc9bb8d4df81c7) Importer(815301076,1909f56bfc062723c751e8b465ee728b)
Start importing Assets/Modular Castle/Assets/prefabs/candleholder1.prefab using Guid(6bae6d1df8faaf748abc9bb8d4df81c7) Importer(815301076,1909f56bfc062723c751e8b465ee728b) [PhysX] Initialized MultithreadedTaskDispatcher with 28 workers.
[PhysX] Initialized MultithreadedTaskDispatcher with 28 workers.
 -> (artifact id: '3a702f38d84478e4b12bb5ec5b735336') in 0.027458 seconds
Number of updated asset objects reloaded before import = 0
Number of asset objects unloaded after import = 10
========================================================================
Received Import Request.
  Time since last request: 0.000017 seconds.
  path: Assets/Modular Castle/Assets/prefabs/candleholder3.prefab
  artifactKey: Guid(3f4cd64e876070c40b64e92d6ad7daf0) Importer(815301076,1909f56bfc062723c751e8b465ee728b)
Start importing Assets/Modular Castle/Assets/prefabs/candleholder3.prefab using Guid(3f4cd64e876070c40b64e92d6ad7daf0) Importer(815301076,1909f56bfc062723c751e8b465ee728b) [PhysX] Initialized MultithreadedTaskDispatcher with 28 workers.
[PhysX] Initialized MultithreadedTaskDispatcher with 28 workers.
 -> (artifact id: 'b287eeae9608fda47ea43e80bb86cd65') in 0.010110 seconds
Number of updated asset objects reloaded before import = 0
Number of asset objects unloaded after import = 10
========================================================================
Received Import Request.
  Time since last request: 0.000018 seconds.
  path: Assets/Modular Castle/Assets/prefabs/pillar1.prefab
  artifactKey: Guid(7250e3ee64608cf4ebd2df16b04e2e4b) Importer(815301076,1909f56bfc062723c751e8b465ee728b)
Start importing Assets/Modular Castle/Assets/prefabs/pillar1.prefab using Guid(7250e3ee64608cf4ebd2df16b04e2e4b) Importer(815301076,1909f56bfc062723c751e8b465ee728b) [PhysX] Initialized MultithreadedTaskDispatcher with 28 workers.
[PhysX] Initialized MultithreadedTaskDispatcher with 28 workers.
 -> (artifact id: 'b4004c8313cb72b5a6e3dc66a5ec3b7d') in 0.013158 seconds
Number of updated asset objects reloaded before import = 0
Number of asset objects unloaded after import = 10
========================================================================
Received Import Request.
  Time since last request: 0.000025 seconds.
  path: Assets/Modular Castle/Assets/prefabs/litter1.prefab
  artifactKey: Guid(d2bf29c4c2836f1439107ad7e08dd160) Importer(815301076,1909f56bfc062723c751e8b465ee728b)
Start importing Assets/Modular Castle/Assets/prefabs/litter1.prefab using Guid(d2bf29c4c2836f1439107ad7e08dd160) Importer(815301076,1909f56bfc062723c751e8b465ee728b) [PhysX] Initialized MultithreadedTaskDispatcher with 28 workers.
[PhysX] Initialized MultithreadedTaskDispatcher with 28 workers.
 -> (artifact id: 'ee8e4b3856d42d5a70fa14ca3e5d425f') in 0.012543 seconds
Number of updated asset objects reloaded before import = 0
Number of asset objects unloaded after import = 10
========================================================================
Received Import Request.
  Time since last request: 0.000015 seconds.
  path: Assets/Modular Castle/Assets/prefabs/helmet.prefab
  artifactKey: Guid(d7f215de872d78e48aece7c979158bd9) Importer(815301076,1909f56bfc062723c751e8b465ee728b)
Start importing Assets/Modular Castle/Assets/prefabs/helmet.prefab using Guid(d7f215de872d78e48aece7c979158bd9) Importer(815301076,1909f56bfc062723c751e8b465ee728b) [PhysX] Initialized MultithreadedTaskDispatcher with 28 workers.
[PhysX] Initialized MultithreadedTaskDispatcher with 28 workers.
 -> (artifact id: '2ce65ecc67e0837867562496a30dc31f') in 0.009258 seconds
Number of updated asset objects reloaded before import = 0
Number of asset objects unloaded after import = 10
========================================================================
Received Import Request.
  Time since last request: 0.000020 seconds.
  path: Assets/Modular Castle/Assets/prefabs/stand for weapons.prefab
  artifactKey: Guid(43672fd8c9f63724ca03d766c52c8568) Importer(815301076,1909f56bfc062723c751e8b465ee728b)
Start importing Assets/Modular Castle/Assets/prefabs/stand for weapons.prefab using Guid(43672fd8c9f63724ca03d766c52c8568) Importer(815301076,1909f56bfc062723c751e8b465ee728b) [PhysX] Initialized MultithreadedTaskDispatcher with 28 workers.
[PhysX] Initialized MultithreadedTaskDispatcher with 28 workers.
 -> (artifact id: 'ae61de9668d88f35eeab9186e11b388e') in 0.011834 seconds
Number of updated asset objects reloaded before import = 0
Number of asset objects unloaded after import = 10
========================================================================
Received Import Request.
  Time since last request: 0.000018 seconds.
  path: Assets/Modular Castle/Assets/prefabs/sword.prefab
  artifactKey: Guid(c34a67cb83e3b5449b55243207b1b621) Importer(815301076,1909f56bfc062723c751e8b465ee728b)
Start importing Assets/Modular Castle/Assets/prefabs/sword.prefab using Guid(c34a67cb83e3b5449b55243207b1b621) Importer(815301076,1909f56bfc062723c751e8b465ee728b) [PhysX] Initialized MultithreadedTaskDispatcher with 28 workers.
[PhysX] Initialized MultithreadedTaskDispatcher with 28 workers.
 -> (artifact id: 'c9f09480d224fd65908f87ad281b0a78') in 0.010343 seconds
Number of updated asset objects reloaded before import = 0
Number of asset objects unloaded after import = 10
========================================================================
Received Import Request.
  Time since last request: 0.000023 seconds.
  path: Assets/Modular Castle/Assets/prefabs/wall3.prefab
  artifactKey: Guid(edf36f15892d1fb4d913feaa9b0a6dc3) Importer(815301076,1909f56bfc062723c751e8b465ee728b)
Start importing Assets/Modular Castle/Assets/prefabs/wall3.prefab using Guid(edf36f15892d1fb4d913feaa9b0a6dc3) Importer(815301076,1909f56bfc062723c751e8b465ee728b) [PhysX] Initialized MultithreadedTaskDispatcher with 28 workers.
[PhysX] Initialized MultithreadedTaskDispatcher with 28 workers.
 -> (artifact id: '84ba0dc241ca5960b3814dc20143c704') in 0.009387 seconds
Number of updated asset objects reloaded before import = 0
Number of asset objects unloaded after import = 10
========================================================================
Received Import Request.
  Time since last request: 0.000014 seconds.
  path: Assets/Modular Castle/Assets/prefabs/torch.prefab
  artifactKey: Guid(483ae661964d12e4f99b524da50200d0) Importer(815301076,1909f56bfc062723c751e8b465ee728b)
Start importing Assets/Modular Castle/Assets/prefabs/torch.prefab using Guid(483ae661964d12e4f99b524da50200d0) Importer(815301076,1909f56bfc062723c751e8b465ee728b) [PhysX] Initialized MultithreadedTaskDispatcher with 28 workers.
[PhysX] Initialized MultithreadedTaskDispatcher with 28 workers.
 -> (artifact id: '56106722072814c2a73ffb3dcbdb86e2') in 0.013929 seconds
Number of updated asset objects reloaded before import = 0
Number of asset objects unloaded after import = 10
========================================================================
Received Import Request.
  Time since last request: 0.000015 seconds.
  path: Assets/Modular Castle/Assets/prefabs/stairs1.prefab
  artifactKey: Guid(996c5ca3ae0ceae41aeba2b1f9f7ec9d) Importer(815301076,1909f56bfc062723c751e8b465ee728b)
Start importing Assets/Modular Castle/Assets/prefabs/stairs1.prefab using Guid(996c5ca3ae0ceae41aeba2b1f9f7ec9d) Importer(815301076,1909f56bfc062723c751e8b465ee728b) [PhysX] Initialized MultithreadedTaskDispatcher with 28 workers.
[PhysX] Initialized MultithreadedTaskDispatcher with 28 workers.
 -> (artifact id: 'a4e2528f539d6223007847d235968335') in 0.009639 seconds
Number of updated asset objects reloaded before import = 0
Number of asset objects unloaded after import = 10
========================================================================
Received Import Request.
  Time since last request: 0.000017 seconds.
  path: Assets/Modular Castle/Assets/prefabs/floor2.prefab
  artifactKey: Guid(cedd1289634600b4f9df04d76c4c2b4b) Importer(815301076,1909f56bfc062723c751e8b465ee728b)
Start importing Assets/Modular Castle/Assets/prefabs/floor2.prefab using Guid(cedd1289634600b4f9df04d76c4c2b4b) Importer(815301076,1909f56bfc062723c751e8b465ee728b) [PhysX] Initialized MultithreadedTaskDispatcher with 28 workers.
[PhysX] Initialized MultithreadedTaskDispatcher with 28 workers.
 -> (artifact id: '65dc0a93057f64e7e07307f721a87bdc') in 0.008287 seconds
Number of updated asset objects reloaded before import = 0
Number of asset objects unloaded after import = 10
========================================================================
Received Import Request.
  Time since last request: 0.000020 seconds.
  path: Assets/Modular Castle/Assets/prefabs/wall4.prefab
  artifactKey: Guid(c83073190e4a3614b9dbac2cf9c47f32) Importer(815301076,1909f56bfc062723c751e8b465ee728b)
Start importing Assets/Modular Castle/Assets/prefabs/wall4.prefab using Guid(c83073190e4a3614b9dbac2cf9c47f32) Importer(815301076,1909f56bfc062723c751e8b465ee728b) [PhysX] Initialized MultithreadedTaskDispatcher with 28 workers.
[PhysX] Initialized MultithreadedTaskDispatcher with 28 workers.
 -> (artifact id: '0567ec7720784f74920fbf7abe15fd8b') in 0.010492 seconds
Number of updated asset objects reloaded before import = 0
Number of asset objects unloaded after import = 10
========================================================================
Received Import Request.
  Time since last request: 0.000012 seconds.
  path: Assets/Modular Castle/Assets/prefabs/carpet2.prefab
  artifactKey: Guid(35c6d94887fe5a84ba4a460acffa37ed) Importer(815301076,1909f56bfc062723c751e8b465ee728b)
Start importing Assets/Modular Castle/Assets/prefabs/carpet2.prefab using Guid(35c6d94887fe5a84ba4a460acffa37ed) Importer(815301076,1909f56bfc062723c751e8b465ee728b) [PhysX] Initialized MultithreadedTaskDispatcher with 28 workers.
[PhysX] Initialized MultithreadedTaskDispatcher with 28 workers.
 -> (artifact id: '68175aaf8da02e2c053474a12a583ce1') in 0.011475 seconds
Number of updated asset objects reloaded before import = 0
Number of asset objects unloaded after import = 10
========================================================================
Received Import Request.
  Time since last request: 0.000015 seconds.
  path: Assets/Modular Castle/Assets/prefabs/carpet3.prefab
  artifactKey: Guid(eddf42ac28e1a0f4fb79767394e23cda) Importer(815301076,1909f56bfc062723c751e8b465ee728b)
Start importing Assets/Modular Castle/Assets/prefabs/carpet3.prefab using Guid(eddf42ac28e1a0f4fb79767394e23cda) Importer(815301076,1909f56bfc062723c751e8b465ee728b) [PhysX] Initialized MultithreadedTaskDispatcher with 28 workers.
[PhysX] Initialized MultithreadedTaskDispatcher with 28 workers.
 -> (artifact id: 'a5649dfd9c760de4ba77e91c395087b4') in 0.008754 seconds
Number of updated asset objects reloaded before import = 0
Number of asset objects unloaded after import = 10
========================================================================
Received Import Request.
  Time since last request: 0.000019 seconds.
  path: Assets/Modular Castle/Assets/prefabs/pillar2.prefab
  artifactKey: Guid(fb3f840c826314847ba67aaf7e4aef4e) Importer(815301076,1909f56bfc062723c751e8b465ee728b)
Start importing Assets/Modular Castle/Assets/prefabs/pillar2.prefab using Guid(fb3f840c826314847ba67aaf7e4aef4e) Importer(815301076,1909f56bfc062723c751e8b465ee728b) [PhysX] Initialized MultithreadedTaskDispatcher with 28 workers.
[PhysX] Initialized MultithreadedTaskDispatcher with 28 workers.
 -> (artifact id: '8ed5ad31ceb25f2c57e0be0e329835d6') in 0.033516 seconds
Number of updated asset objects reloaded before import = 0
Number of asset objects unloaded after import = 10
========================================================================
Received Import Request.
  Time since last request: 0.000015 seconds.
  path: Assets/Modular Castle/Assets/prefabs/wall1.prefab
  artifactKey: Guid(e38067ccaff52424db35c2958d80cb11) Importer(815301076,1909f56bfc062723c751e8b465ee728b)
Start importing Assets/Modular Castle/Assets/prefabs/wall1.prefab using Guid(e38067ccaff52424db35c2958d80cb11) Importer(815301076,1909f56bfc062723c751e8b465ee728b) [PhysX] Initialized MultithreadedTaskDispatcher with 28 workers.
[PhysX] Initialized MultithreadedTaskDispatcher with 28 workers.
 -> (artifact id: 'c14c05a412da4c242674c01954a97788') in 0.020161 seconds
Number of updated asset objects reloaded before import = 0
Number of asset objects unloaded after import = 10
========================================================================
Received Import Request.
  Time since last request: 0.000023 seconds.
  path: Assets/Modular Castle/Assets/prefabs/doorway1.prefab
  artifactKey: Guid(0b7f3b033306b6d4b956436528383403) Importer(815301076,1909f56bfc062723c751e8b465ee728b)
Start importing Assets/Modular Castle/Assets/prefabs/doorway1.prefab using Guid(0b7f3b033306b6d4b956436528383403) Importer(815301076,1909f56bfc062723c751e8b465ee728b) [PhysX] Initialized MultithreadedTaskDispatcher with 28 workers.
[PhysX] Initialized MultithreadedTaskDispatcher with 28 workers.
 -> (artifact id: '5d4df20b2dab487d09d364d317c2b18a') in 0.043732 seconds
Number of updated asset objects reloaded before import = 0
Number of asset objects unloaded after import = 15
========================================================================
Received Import Request.
  Time since last request: 0.000015 seconds.
  path: Assets/Modular Castle/Assets/prefabs/box3.prefab
  artifactKey: Guid(40064a3eba9f8ef4db78ee0fbcd75c8c) Importer(815301076,1909f56bfc062723c751e8b465ee728b)
Start importing Assets/Modular Castle/Assets/prefabs/box3.prefab using Guid(40064a3eba9f8ef4db78ee0fbcd75c8c) Importer(815301076,1909f56bfc062723c751e8b465ee728b) [PhysX] Initialized MultithreadedTaskDispatcher with 28 workers.
[PhysX] Initialized MultithreadedTaskDispatcher with 28 workers.
 -> (artifact id: '2526479b4e17f9ea5ed3aeb17c6c61eb') in 0.012013 seconds
Number of updated asset objects reloaded before import = 0
Number of asset objects unloaded after import = 10
========================================================================
Received Import Request.
  Time since last request: 19.389666 seconds.
  path: Assets/Modular Castle/Assets/prefabs2/barrel.prefab
  artifactKey: Guid(8375007ef859c184f93134dbe213e44b) Importer(815301076,1909f56bfc062723c751e8b465ee728b)
Start importing Assets/Modular Castle/Assets/prefabs2/barrel.prefab using Guid(8375007ef859c184f93134dbe213e44b) Importer(815301076,1909f56bfc062723c751e8b465ee728b) [PhysX] Initialized MultithreadedTaskDispatcher with 28 workers.
[PhysX] Initialized MultithreadedTaskDispatcher with 28 workers.
 -> (artifact id: '4f7519f562e7ac6be178ef62f9f1356c') in 0.021325 seconds
Number of updated asset objects reloaded before import = 0
Number of asset objects unloaded after import = 32
========================================================================
Received Import Request.
  Time since last request: 0.000018 seconds.
  path: Assets/Modular Castle/Assets/prefabs2/box2.prefab
  artifactKey: Guid(054eb6147f69e3d48b3a7a3004214f76) Importer(815301076,1909f56bfc062723c751e8b465ee728b)
Start importing Assets/Modular Castle/Assets/prefabs2/box2.prefab using Guid(054eb6147f69e3d48b3a7a3004214f76) Importer(815301076,1909f56bfc062723c751e8b465ee728b) [PhysX] Initialized MultithreadedTaskDispatcher with 28 workers.
[PhysX] Initialized MultithreadedTaskDispatcher with 28 workers.
 -> (artifact id: '4dd80d48f608ddd3879760c98fdd3b4e') in 0.008943 seconds
Number of updated asset objects reloaded before import = 0
Number of asset objects unloaded after import = 20
========================================================================
Received Import Request.
  Time since last request: 0.220559 seconds.
  path: Assets/Modular Castle/Assets/prefabs2/box3.prefab
  artifactKey: Guid(13edd2ee365a97d4aa571acdb0a7d83f) Importer(815301076,1909f56bfc062723c751e8b465ee728b)
Start importing Assets/Modular Castle/Assets/prefabs2/box3.prefab using Guid(13edd2ee365a97d4aa571acdb0a7d83f) Importer(815301076,1909f56bfc062723c751e8b465ee728b) [PhysX] Initialized MultithreadedTaskDispatcher with 28 workers.
[PhysX] Initialized MultithreadedTaskDispatcher with 28 workers.
 -> (artifact id: '4c416c806f3cf1dd0a7b972cf48c22cf') in 0.009316 seconds
Number of updated asset objects reloaded before import = 0
Number of asset objects unloaded after import = 20
========================================================================
Received Import Request.
  Time since last request: 0.010784 seconds.
  path: Assets/Modular Castle/Assets/prefabs2/box3 1.prefab
  artifactKey: Guid(0d4775583aca9894e9208bc487190db8) Importer(815301076,1909f56bfc062723c751e8b465ee728b)
Start importing Assets/Modular Castle/Assets/prefabs2/box3 1.prefab using Guid(0d4775583aca9894e9208bc487190db8) Importer(815301076,1909f56bfc062723c751e8b465ee728b) [PhysX] Initialized MultithreadedTaskDispatcher with 28 workers.
[PhysX] Initialized MultithreadedTaskDispatcher with 28 workers.
 -> (artifact id: 'cdbb71b06e10b4ee7dfb4c8fd6ffec21') in 0.008542 seconds
Number of updated asset objects reloaded before import = 0
Number of asset objects unloaded after import = 20
========================================================================
Received Import Request.
  Time since last request: 0.227730 seconds.
  path: Assets/Modular Castle/Assets/prefabs2/candle1.prefab
  artifactKey: Guid(77199120630e1734e8e77e3c2f9cf50e) Importer(815301076,1909f56bfc062723c751e8b465ee728b)
Start importing Assets/Modular Castle/Assets/prefabs2/candle1.prefab using Guid(77199120630e1734e8e77e3c2f9cf50e) Importer(815301076,1909f56bfc062723c751e8b465ee728b) [PhysX] Initialized MultithreadedTaskDispatcher with 28 workers.
[PhysX] Initialized MultithreadedTaskDispatcher with 28 workers.
 -> (artifact id: 'dfd2b0fb5a901a45e16d01828106cd05') in 0.466149 seconds
Number of updated asset objects reloaded before import = 0
Number of asset objects unloaded after import = 19
========================================================================
Received Import Request.
  Time since last request: 0.069410 seconds.
  path: Assets/Modular Castle/Assets/prefabs2/candle2.prefab
  artifactKey: Guid(197f1dd69d9d0e345a27bdc2001f4358) Importer(815301076,1909f56bfc062723c751e8b465ee728b)
Start importing Assets/Modular Castle/Assets/prefabs2/candle2.prefab using Guid(197f1dd69d9d0e345a27bdc2001f4358) Importer(815301076,1909f56bfc062723c751e8b465ee728b) [PhysX] Initialized MultithreadedTaskDispatcher with 28 workers.
[PhysX] Initialized MultithreadedTaskDispatcher with 28 workers.
 -> (artifact id: '503420e4150fe97d2b58e18d6ac575e0') in 0.009772 seconds
Number of updated asset objects reloaded before import = 0
Number of asset objects unloaded after import = 19
========================================================================
Received Import Request.
  Time since last request: 0.000017 seconds.
  path: Assets/Modular Castle/Assets/prefabs2/candleholder2.prefab
  artifactKey: Guid(c6fda97e2f85f854388b401808f813c7) Importer(815301076,1909f56bfc062723c751e8b465ee728b)
Start importing Assets/Modular Castle/Assets/prefabs2/candleholder2.prefab using Guid(c6fda97e2f85f854388b401808f813c7) Importer(815301076,1909f56bfc062723c751e8b465ee728b) [PhysX] Initialized MultithreadedTaskDispatcher with 28 workers.
[PhysX] Initialized MultithreadedTaskDispatcher with 28 workers.
 -> (artifact id: '14dd26b0d2b4090bfee2f554633ec5e9') in 0.009004 seconds
Number of updated asset objects reloaded before import = 0
Number of asset objects unloaded after import = 19
========================================================================
Received Import Request.
  Time since last request: 0.000020 seconds.
  path: Assets/Modular Castle/Assets/prefabs2/decoration2.prefab
  artifactKey: Guid(0c5f6d8c494dfe849ae0d9fa17abad8d) Importer(815301076,1909f56bfc062723c751e8b465ee728b)
Start importing Assets/Modular Castle/Assets/prefabs2/decoration2.prefab using Guid(0c5f6d8c494dfe849ae0d9fa17abad8d) Importer(815301076,1909f56bfc062723c751e8b465ee728b) [PhysX] Initialized MultithreadedTaskDispatcher with 28 workers.
[PhysX] Initialized MultithreadedTaskDispatcher with 28 workers.
 -> (artifact id: '856570882a180ad1586283df82c287cf') in 0.009015 seconds
Number of updated asset objects reloaded before import = 0
Number of asset objects unloaded after import = 15
========================================================================
Received Import Request.
  Time since last request: 0.000019 seconds.
  path: Assets/Modular Castle/Assets/prefabs2/candleholder1.prefab
  artifactKey: Guid(775d4760f9d1bd4439ee44c29ee69e89) Importer(815301076,1909f56bfc062723c751e8b465ee728b)
Start importing Assets/Modular Castle/Assets/prefabs2/candleholder1.prefab using Guid(775d4760f9d1bd4439ee44c29ee69e89) Importer(815301076,1909f56bfc062723c751e8b465ee728b) [PhysX] Initialized MultithreadedTaskDispatcher with 28 workers.
[PhysX] Initialized MultithreadedTaskDispatcher with 28 workers.
 -> (artifact id: '9f5cb96a4450a3850ddeae43044f2efe') in 0.010846 seconds
Number of updated asset objects reloaded before import = 0
Number of asset objects unloaded after import = 23
========================================================================
Received Import Request.
  Time since last request: 0.011004 seconds.
  path: Assets/Modular Castle/Assets/prefabs2/decoration3 1.prefab
  artifactKey: Guid(449a004ce2f286f4a9f07629d41960fe) Importer(815301076,1909f56bfc062723c751e8b465ee728b)
Start importing Assets/Modular Castle/Assets/prefabs2/decoration3 1.prefab using Guid(449a004ce2f286f4a9f07629d41960fe) Importer(815301076,1909f56bfc062723c751e8b465ee728b) [PhysX] Initialized MultithreadedTaskDispatcher with 28 workers.
[PhysX] Initialized MultithreadedTaskDispatcher with 28 workers.
 -> (artifact id: '0b3a54556c20402ee1b0cd9498b3cb4f') in 0.008882 seconds
Number of updated asset objects reloaded before import = 0
Number of asset objects unloaded after import = 19
========================================================================
Received Import Request.
  Time since last request: 0.000015 seconds.
  path: Assets/Modular Castle/Assets/prefabs2/mannequin 1.prefab
  artifactKey: Guid(48c040965861d8c40befca832709a45c) Importer(815301076,1909f56bfc062723c751e8b465ee728b)
Start importing Assets/Modular Castle/Assets/prefabs2/mannequin 1.prefab using Guid(48c040965861d8c40befca832709a45c) Importer(815301076,1909f56bfc062723c751e8b465ee728b) [PhysX] Initialized MultithreadedTaskDispatcher with 28 workers.
[PhysX] Initialized MultithreadedTaskDispatcher with 28 workers.
 -> (artifact id: '1ad8e268f1f5363fa6aaff34f494f918') in 0.008075 seconds
Number of updated asset objects reloaded before import = 0
Number of asset objects unloaded after import = 15
========================================================================
Received Import Request.
  Time since last request: 0.000021 seconds.
  path: Assets/Modular Castle/Assets/prefabs2/stand for weapons.001.prefab
  artifactKey: Guid(107ca562f4dfa2942a6692ccdefd9a3b) Importer(815301076,1909f56bfc062723c751e8b465ee728b)
Start importing Assets/Modular Castle/Assets/prefabs2/stand for weapons.001.prefab using Guid(107ca562f4dfa2942a6692ccdefd9a3b) Importer(815301076,1909f56bfc062723c751e8b465ee728b) [PhysX] Initialized MultithreadedTaskDispatcher with 28 workers.
[PhysX] Initialized MultithreadedTaskDispatcher with 28 workers.
 -> (artifact id: '30125cfb5822c3d55f37fa79545c7ee1') in 0.012902 seconds
Number of updated asset objects reloaded before import = 0
Number of asset objects unloaded after import = 44
========================================================================
Received Import Request.
  Time since last request: 0.000014 seconds.
  path: Assets/Modular Castle/Assets/prefabs2/wall2.prefab
  artifactKey: Guid(b79d1646853934f4dad1e987cd05b119) Importer(815301076,1909f56bfc062723c751e8b465ee728b)
Start importing Assets/Modular Castle/Assets/prefabs2/wall2.prefab using Guid(b79d1646853934f4dad1e987cd05b119) Importer(815301076,1909f56bfc062723c751e8b465ee728b) [PhysX] Initialized MultithreadedTaskDispatcher with 28 workers.
[PhysX] Initialized MultithreadedTaskDispatcher with 28 workers.
 -> (artifact id: '799f1893d4fa6d13c24061760095a5a7') in 0.009881 seconds
Number of updated asset objects reloaded before import = 0
Number of asset objects unloaded after import = 15
========================================================================
Received Import Request.
  Time since last request: 0.000021 seconds.
  path: Assets/Modular Castle/Assets/prefabs2/wall2 1.prefab
  artifactKey: Guid(b84cdff1414a1094d995361dae7b91b1) Importer(815301076,1909f56bfc062723c751e8b465ee728b)
Start importing Assets/Modular Castle/Assets/prefabs2/wall2 1.prefab using Guid(b84cdff1414a1094d995361dae7b91b1) Importer(815301076,1909f56bfc062723c751e8b465ee728b) [PhysX] Initialized MultithreadedTaskDispatcher with 28 workers.
[PhysX] Initialized MultithreadedTaskDispatcher with 28 workers.
 -> (artifact id: 'e7360e775a680db68b6ff657b245c5cf') in 0.015852 seconds
Number of updated asset objects reloaded before import = 0
Number of asset objects unloaded after import = 37
========================================================================
Received Import Request.
  Time since last request: 0.000015 seconds.
  path: Assets/Modular Castle/Assets/prefabs2/wall3 1.prefab
  artifactKey: Guid(a989f3d54d02f934fba9ce9f04202bd8) Importer(815301076,1909f56bfc062723c751e8b465ee728b)
Start importing Assets/Modular Castle/Assets/prefabs2/wall3 1.prefab using Guid(a989f3d54d02f934fba9ce9f04202bd8) Importer(815301076,1909f56bfc062723c751e8b465ee728b) [PhysX] Initialized MultithreadedTaskDispatcher with 28 workers.
[PhysX] Initialized MultithreadedTaskDispatcher with 28 workers.
 -> (artifact id: '502e8e52c8037d66e4027790ff5b15ff') in 0.014354 seconds
Number of updated asset objects reloaded before import = 0
Number of asset objects unloaded after import = 15
========================================================================
Received Import Request.
  Time since last request: 0.000016 seconds.
  path: Assets/Modular Castle/Assets/prefabs2/wall2 2.prefab
  artifactKey: Guid(6fb002a65bc74bf46ba6b669a1a59a79) Importer(815301076,1909f56bfc062723c751e8b465ee728b)
Start importing Assets/Modular Castle/Assets/prefabs2/wall2 2.prefab using Guid(6fb002a65bc74bf46ba6b669a1a59a79) Importer(815301076,1909f56bfc062723c751e8b465ee728b) [PhysX] Initialized MultithreadedTaskDispatcher with 28 workers.
[PhysX] Initialized MultithreadedTaskDispatcher with 28 workers.
 -> (artifact id: 'a245b5bd25a85403103d5db5526c4c20') in 0.015577 seconds
Number of updated asset objects reloaded before import = 0
Number of asset objects unloaded after import = 38
========================================================================
Received Import Request.
  Time since last request: 67.037137 seconds.
  path: Assets/PolyOne/Rocks Stylized/Texture/Rocks_Stylized_Color.png
  artifactKey: Guid(4b1123766a5343d4a83555e9975055a2) Importer(815301076,1909f56bfc062723c751e8b465ee728b)
Start importing Assets/PolyOne/Rocks Stylized/Texture/Rocks_Stylized_Color.png using Guid(4b1123766a5343d4a83555e9975055a2) Importer(815301076,1909f56bfc062723c751e8b465ee728b) [PhysX] Initialized MultithreadedTaskDispatcher with 28 workers.
[PhysX] Initialized MultithreadedTaskDispatcher with 28 workers.
 -> (artifact id: '1a1ca23a7d5445fc80f9dc07933649f3') in 0.020006 seconds
Number of updated asset objects reloaded before import = 0
Number of asset objects unloaded after import = 2
========================================================================
Received Import Request.
  Time since last request: 11.302801 seconds.
  path: Assets/XR/XRGeneralSettingsPerBuildTarget.asset
  artifactKey: Guid(928c5d9d9a05748cc99a2941a92caadf) Importer(815301076,1909f56bfc062723c751e8b465ee728b)
Start importing Assets/XR/XRGeneralSettingsPerBuildTarget.asset using Guid(928c5d9d9a05748cc99a2941a92caadf) Importer(815301076,1909f56bfc062723c751e8b465ee728b) [PhysX] Initialized MultithreadedTaskDispatcher with 28 workers.
 -> (artifact id: 'fbc8fd6761193de0db8293c6f65284ba') in 0.000898 seconds
Number of updated asset objects reloaded before import = 0
Number of asset objects unloaded after import = 0
========================================================================
Received Import Request.
  Time since last request: 34.723102 seconds.
  path: Assets/LowPoly Environment Pack/Demo/Skybox.mat
  artifactKey: Guid(f14e791cab3ea0c4397ab4827d05bebc) Importer(815301076,1909f56bfc062723c751e8b465ee728b)
Start importing Assets/LowPoly Environment Pack/Demo/Skybox.mat using Guid(f14e791cab3ea0c4397ab4827d05bebc) Importer(815301076,1909f56bfc062723c751e8b465ee728b) [PhysX] Initialized MultithreadedTaskDispatcher with 28 workers.
[PhysX] Initialized MultithreadedTaskDispatcher with 28 workers.
 -> (artifact id: '6d4d3e397f9969742158aa1d1ef6808d') in 0.087915 seconds
Number of updated asset objects reloaded before import = 0
Number of asset objects unloaded after import = 1
========================================================================
Received Import Request.
  Time since last request: 6.994519 seconds.
  path: Assets/FST/Gladiators Low Poly Arena/Prefabs
  artifactKey: Guid(1b4bbe1694ef36242ab21166b57e3c19) Importer(815301076,1909f56bfc062723c751e8b465ee728b)
Start importing Assets/FST/Gladiators Low Poly Arena/Prefabs using Guid(1b4bbe1694ef36242ab21166b57e3c19) Importer(815301076,1909f56bfc062723c751e8b465ee728b) [PhysX] Initialized MultithreadedTaskDispatcher with 28 workers.
 -> (artifact id: 'afb15e17aa0e7ccf2a66cf22d41f2127') in 0.087496 seconds
Number of updated asset objects reloaded before import = 0
Number of asset objects unloaded after import = 0
========================================================================
Received Import Request.
  Time since last request: 0.003003 seconds.
  path: Assets/FST/Gladiators Low Poly Arena/Prefabs/Gladiator Low Poly Arena.prefab
  artifactKey: Guid(4a769d0345654f345be733003b50a3e2) Importer(815301076,1909f56bfc062723c751e8b465ee728b)
Start importing Assets/FST/Gladiators Low Poly Arena/Prefabs/Gladiator Low Poly Arena.prefab using Guid(4a769d0345654f345be733003b50a3e2) Importer(815301076,1909f56bfc062723c751e8b465ee728b) [PhysX] Initialized MultithreadedTaskDispatcher with 28 workers.
[PhysX] Initialized MultithreadedTaskDispatcher with 28 workers.
 -> (artifact id: '54727fc7c3d93aa63c7c0fa79dcc99f2') in 0.436609 seconds
Number of updated asset objects reloaded before import = 0
Number of asset objects unloaded after import = 194
========================================================================
Received Import Request.
  Time since last request: 41.832307 seconds.
  path: Assets/ObjetosPortal
  artifactKey: Guid(62fe52c8547d5c64c9bf182d8bbcc7b6) Importer(815301076,1909f56bfc062723c751e8b465ee728b)
Start importing Assets/ObjetosPortal using Guid(62fe52c8547d5c64c9bf182d8bbcc7b6) Importer(815301076,1909f56bfc062723c751e8b465ee728b) [PhysX] Initialized MultithreadedTaskDispatcher with 28 workers.
 -> (artifact id: 'bed5a2e76c3233a91fd50f3ef6c5af8e') in 0.000648 seconds
Number of updated asset objects reloaded before import = 0
Number of asset objects unloaded after import = 0
========================================================================
Received Import Request.
  Time since last request: 42.684304 seconds.
  path: Assets/Modular Castle/Assets/Materials/castle.mat
  artifactKey: Guid(72f445fef8019584a84beb496a2ac491) Importer(815301076,1909f56bfc062723c751e8b465ee728b)
Start importing Assets/Modular Castle/Assets/Materials/castle.mat using Guid(72f445fef8019584a84beb496a2ac491) Importer(815301076,1909f56bfc062723c751e8b465ee728b) [PhysX] Initialized MultithreadedTaskDispatcher with 28 workers.
[PhysX] Initialized MultithreadedTaskDispatcher with 28 workers.
 -> (artifact id: '9a37bfa575df2d66f11547646a7584e5') in 0.082709 seconds
Number of updated asset objects reloaded before import = 0
Number of asset objects unloaded after import = 3
========================================================================
Received Import Request.
  Time since last request: 162.137381 seconds.
  path: Assets/Free Low Poly Desert Pack/Materials
  artifactKey: Guid(f925c2df05f6efd478e94796245b978c) Importer(815301076,1909f56bfc062723c751e8b465ee728b)
Start importing Assets/Free Low Poly Desert Pack/Materials using Guid(f925c2df05f6efd478e94796245b978c) Importer(815301076,1909f56bfc062723c751e8b465ee728b) [PhysX] Initialized MultithreadedTaskDispatcher with 28 workers.
 -> (artifact id: 'b81bd175bc0fea953ffa6a042735930e') in 0.000736 seconds
Number of updated asset objects reloaded before import = 0
Number of asset objects unloaded after import = 0
========================================================================
Received Import Request.
  Time since last request: 0.047662 seconds.
  path: Assets/Free Low Poly Desert Pack/Materials/Base Color.mat
  artifactKey: Guid(eeaf4e9c4a165034a93993b104151cdd) Importer(815301076,1909f56bfc062723c751e8b465ee728b)
Start importing Assets/Free Low Poly Desert Pack/Materials/Base Color.mat using Guid(eeaf4e9c4a165034a93993b104151cdd) Importer(815301076,1909f56bfc062723c751e8b465ee728b) [PhysX] Initialized MultithreadedTaskDispatcher with 28 workers.
[PhysX] Initialized MultithreadedTaskDispatcher with 28 workers.
 -> (artifact id: 'df82d4d5bf4f782e1a7d469a7d484e1e') in 0.021380 seconds
Number of updated asset objects reloaded before import = 0
Number of asset objects unloaded after import = 2
========================================================================
Received Import Request.
  Time since last request: 0.000012 seconds.
  path: Assets/Free Low Poly Desert Pack/Materials/Vertex Color.mat
  artifactKey: Guid(77f34d55cab75c741af8e49d369939ba) Importer(815301076,1909f56bfc062723c751e8b465ee728b)
Start importing Assets/Free Low Poly Desert Pack/Materials/Vertex Color.mat using Guid(77f34d55cab75c741af8e49d369939ba) Importer(815301076,1909f56bfc062723c751e8b465ee728b) [PhysX] Initialized MultithreadedTaskDispatcher with 28 workers.
[PhysX] Initialized MultithreadedTaskDispatcher with 28 workers.
 -> (artifact id: '59895e0a0aa2b8b6d40f93b27604a160') in 0.051862 seconds
Number of updated asset objects reloaded before import = 0
Number of asset objects unloaded after import = 2
========================================================================
Received Import Request.
  Time since last request: 0.000017 seconds.
  path: Assets/Free Low Poly Desert Pack/Materials/Vertex Color Unlit.mat
  artifactKey: Guid(e6e6ba439ef1bb048a11147b251d973d) Importer(815301076,1909f56bfc062723c751e8b465ee728b)
Start importing Assets/Free Low Poly Desert Pack/Materials/Vertex Color Unlit.mat using Guid(e6e6ba439ef1bb048a11147b251d973d) Importer(815301076,1909f56bfc062723c751e8b465ee728b) [PhysX] Initialized MultithreadedTaskDispatcher with 28 workers.
[PhysX] Initialized MultithreadedTaskDispatcher with 28 workers.
 -> (artifact id: '56d41c074ea66f5f2762dca9664daf64') in 0.117361 seconds
Number of updated asset objects reloaded before import = 0
Number of asset objects unloaded after import = 2
========================================================================
Received Import Request.
  Time since last request: 2.947607 seconds.
  path: Assets/Free Low Poly Desert Pack/FBX Files/Flat Colors
  artifactKey: Guid(1645a9883d1d6204081dead95c35bc01) Importer(815301076,1909f56bfc062723c751e8b465ee728b)
Start importing Assets/Free Low Poly Desert Pack/FBX Files/Flat Colors using Guid(1645a9883d1d6204081dead95c35bc01) Importer(815301076,1909f56bfc062723c751e8b465ee728b) [PhysX] Initialized MultithreadedTaskDispatcher with 28 workers.
 -> (artifact id: 'b07a54b30f82064438b7e56b5c45dc4c') in 0.000459 seconds
Number of updated asset objects reloaded before import = 0
Number of asset objects unloaded after import = 0
========================================================================
Received Import Request.
  Time since last request: 0.067464 seconds.
  path: Assets/Free Low Poly Desert Pack/FBX Files/Flat Colors/Flat_Bone_02.fbx
  artifactKey: Guid(68d5de4c275b2484a87de4f93591635f) Importer(815301076,1909f56bfc062723c751e8b465ee728b)
Start importing Assets/Free Low Poly Desert Pack/FBX Files/Flat Colors/Flat_Bone_02.fbx using Guid(68d5de4c275b2484a87de4f93591635f) Importer(815301076,1909f56bfc062723c751e8b465ee728b) [PhysX] Initialized MultithreadedTaskDispatcher with 28 workers.
[PhysX] Initialized MultithreadedTaskDispatcher with 28 workers.
[PhysX] Initialized MultithreadedTaskDispatcher with 28 workers.
 -> (artifact id: '3a11d0d2fbf88691ee3cd7f5c2a89926') in 0.012742 seconds
Number of updated asset objects reloaded before import = 0
Number of asset objects unloaded after import = 9
========================================================================
Received Import Request.
  Time since last request: 0.000015 seconds.
  path: Assets/Free Low Poly Desert Pack/FBX Files/Flat Colors/Flat_Ground_01.fbx
  artifactKey: Guid(f5baf401218f50f45a7f0fc2a17b6215) Importer(815301076,1909f56bfc062723c751e8b465ee728b)
Start importing Assets/Free Low Poly Desert Pack/FBX Files/Flat Colors/Flat_Ground_01.fbx using Guid(f5baf401218f50f45a7f0fc2a17b6215) Importer(815301076,1909f56bfc062723c751e8b465ee728b) [PhysX] Initialized MultithreadedTaskDispatcher with 28 workers.
[PhysX] Initialized MultithreadedTaskDispatcher with 28 workers.
[PhysX] Initialized MultithreadedTaskDispatcher with 28 workers.
 -> (artifact id: '055e7fdc8bbc9353f984c30d103307b5') in 0.011568 seconds
Number of updated asset objects reloaded before import = 0
Number of asset objects unloaded after import = 9
========================================================================
Received Import Request.
  Time since last request: 0.000016 seconds.
  path: Assets/Free Low Poly Desert Pack/FBX Files/Flat Colors/Flat_Palm_tree_01.fbx
  artifactKey: Guid(200c7bff23e82db4c8efd0f74195fcf8) Importer(815301076,1909f56bfc062723c751e8b465ee728b)
Start importing Assets/Free Low Poly Desert Pack/FBX Files/Flat Colors/Flat_Palm_tree_01.fbx using Guid(200c7bff23e82db4c8efd0f74195fcf8) Importer(815301076,1909f56bfc062723c751e8b465ee728b) [PhysX] Initialized MultithreadedTaskDispatcher with 28 workers.
[PhysX] Initialized MultithreadedTaskDispatcher with 28 workers.
[PhysX] Initialized MultithreadedTaskDispatcher with 28 workers.
 -> (artifact id: 'b341d5046896c812c04960256844903e') in 0.068376 seconds
Number of updated asset objects reloaded before import = 0
Number of asset objects unloaded after import = 9
========================================================================
Received Import Request.
  Time since last request: 0.000015 seconds.
  path: Assets/Free Low Poly Desert Pack/FBX Files/Flat Colors/Flat_Plant_02.fbx
  artifactKey: Guid(9167397dd26cd42429f41cde6ab8968a) Importer(815301076,1909f56bfc062723c751e8b465ee728b)
Start importing Assets/Free Low Poly Desert Pack/FBX Files/Flat Colors/Flat_Plant_02.fbx using Guid(9167397dd26cd42429f41cde6ab8968a) Importer(815301076,1909f56bfc062723c751e8b465ee728b) [PhysX] Initialized MultithreadedTaskDispatcher with 28 workers.
[PhysX] Initialized MultithreadedTaskDispatcher with 28 workers.
[PhysX] Initialized MultithreadedTaskDispatcher with 28 workers.
 -> (artifact id: '0f5649bb1cc2373ad6262a5e18eb5543') in 0.015160 seconds
Number of updated asset objects reloaded before import = 0
Number of asset objects unloaded after import = 9
========================================================================
Received Import Request.
  Time since last request: 0.000020 seconds.
  path: Assets/Free Low Poly Desert Pack/FBX Files/Flat Colors/Flat_Rock_01.fbx
  artifactKey: Guid(37e412f3502894c4c928d6774b0592ac) Importer(815301076,1909f56bfc062723c751e8b465ee728b)
Start importing Assets/Free Low Poly Desert Pack/FBX Files/Flat Colors/Flat_Rock_01.fbx using Guid(37e412f3502894c4c928d6774b0592ac) Importer(815301076,1909f56bfc062723c751e8b465ee728b) [PhysX] Initialized MultithreadedTaskDispatcher with 28 workers.
[PhysX] Initialized MultithreadedTaskDispatcher with 28 workers.
[PhysX] Initialized MultithreadedTaskDispatcher with 28 workers.
 -> (artifact id: 'b4959d9dd36ad6f3ad4434eae1440fd5') in 0.016556 seconds
Number of updated asset objects reloaded before import = 0
Number of asset objects unloaded after import = 9
========================================================================
Received Import Request.
  Time since last request: 0.000018 seconds.
  path: Assets/Free Low Poly Desert Pack/FBX Files/Flat Colors/Flat_Cactus_02.fbx
  artifactKey: Guid(5d68287dfd7269a46bdafd483e2a0426) Importer(815301076,1909f56bfc062723c751e8b465ee728b)
Start importing Assets/Free Low Poly Desert Pack/FBX Files/Flat Colors/Flat_Cactus_02.fbx using Guid(5d68287dfd7269a46bdafd483e2a0426) Importer(815301076,1909f56bfc062723c751e8b465ee728b) [PhysX] Initialized MultithreadedTaskDispatcher with 28 workers.
[PhysX] Initialized MultithreadedTaskDispatcher with 28 workers.
[PhysX] Initialized MultithreadedTaskDispatcher with 28 workers.
 -> (artifact id: '8ea1b6e4bab208b44702ff806d8beb22') in 0.016108 seconds
Number of updated asset objects reloaded before import = 0
Number of asset objects unloaded after import = 9
========================================================================
Received Import Request.
  Time since last request: 0.000019 seconds.
  path: Assets/Free Low Poly Desert Pack/FBX Files/Flat Colors/Flat_Well_01.fbx
  artifactKey: Guid(d1b3cc5751f113146b7d01d700c186df) Importer(815301076,1909f56bfc062723c751e8b465ee728b)
Start importing Assets/Free Low Poly Desert Pack/FBX Files/Flat Colors/Flat_Well_01.fbx using Guid(d1b3cc5751f113146b7d01d700c186df) Importer(815301076,1909f56bfc062723c751e8b465ee728b) [PhysX] Initialized MultithreadedTaskDispatcher with 28 workers.
[PhysX] Initialized MultithreadedTaskDispatcher with 28 workers.
[PhysX] Initialized MultithreadedTaskDispatcher with 28 workers.
 -> (artifact id: 'd8f4636ce5783ce0ab41b8efca6b62f7') in 0.013827 seconds
Number of updated asset objects reloaded before import = 0
Number of asset objects unloaded after import = 9
========================================================================
Received Import Request.
  Time since last request: 0.000023 seconds.
  path: Assets/Free Low Poly Desert Pack/FBX Files/Flat Colors/Flat_Tree_02.fbx
  artifactKey: Guid(b4118b9a4314f5940ab0dbe7342b4146) Importer(815301076,1909f56bfc062723c751e8b465ee728b)
Start importing Assets/Free Low Poly Desert Pack/FBX Files/Flat Colors/Flat_Tree_02.fbx using Guid(b4118b9a4314f5940ab0dbe7342b4146) Importer(815301076,1909f56bfc062723c751e8b465ee728b) [PhysX] Initialized MultithreadedTaskDispatcher with 28 workers.
[PhysX] Initialized MultithreadedTaskDispatcher with 28 workers.
[PhysX] Initialized MultithreadedTaskDispatcher with 28 workers.
 -> (artifact id: '8ea656cd6bdc176cd58bbd80d9bb345f') in 0.011025 seconds
Number of updated asset objects reloaded before import = 0
Number of asset objects unloaded after import = 9
========================================================================
Received Import Request.
  Time since last request: 1.546714 seconds.
  path: Assets/Free Low Poly Desert Pack/FBX Files/Mixed Colors/Mixed_Bone_02.fbx
  artifactKey: Guid(097d934566947854b838f51016a9462b) Importer(815301076,1909f56bfc062723c751e8b465ee728b)
Start importing Assets/Free Low Poly Desert Pack/FBX Files/Mixed Colors/Mixed_Bone_02.fbx using Guid(097d934566947854b838f51016a9462b) Importer(815301076,1909f56bfc062723c751e8b465ee728b) [PhysX] Initialized MultithreadedTaskDispatcher with 28 workers.
[PhysX] Initialized MultithreadedTaskDispatcher with 28 workers.
[PhysX] Initialized MultithreadedTaskDispatcher with 28 workers.
 -> (artifact id: '773f4a00140130bab8ba2851650d8b7f') in 0.013652 seconds
Number of updated asset objects reloaded before import = 0
Number of asset objects unloaded after import = 9
========================================================================
Received Import Request.
  Time since last request: 0.000014 seconds.
  path: Assets/Free Low Poly Desert Pack/FBX Files/Mixed Colors/Mixed_Well_01.fbx
  artifactKey: Guid(b782f6e89cdd2a4419dbedd552ae90ad) Importer(815301076,1909f56bfc062723c751e8b465ee728b)
Start importing Assets/Free Low Poly Desert Pack/FBX Files/Mixed Colors/Mixed_Well_01.fbx using Guid(b782f6e89cdd2a4419dbedd552ae90ad) Importer(815301076,1909f56bfc062723c751e8b465ee728b) [PhysX] Initialized MultithreadedTaskDispatcher with 28 workers.
[PhysX] Initialized MultithreadedTaskDispatcher with 28 workers.
[PhysX] Initialized MultithreadedTaskDispatcher with 28 workers.
 -> (artifact id: '13da3782bb774a3a6ef37821f1e70a8a') in 0.057272 seconds
Number of updated asset objects reloaded before import = 0
Number of asset objects unloaded after import = 9
========================================================================
Received Import Request.
  Time since last request: 0.000015 seconds.
  path: Assets/Free Low Poly Desert Pack/FBX Files/Mixed Colors/Mixed_Ground_01.fbx
  artifactKey: Guid(21db04ffcfdc6b34dbfae3af89222397) Importer(815301076,1909f56bfc062723c751e8b465ee728b)
Start importing Assets/Free Low Poly Desert Pack/FBX Files/Mixed Colors/Mixed_Ground_01.fbx using Guid(21db04ffcfdc6b34dbfae3af89222397) Importer(815301076,1909f56bfc062723c751e8b465ee728b) [PhysX] Initialized MultithreadedTaskDispatcher with 28 workers.
[PhysX] Initialized MultithreadedTaskDispatcher with 28 workers.
[PhysX] Initialized MultithreadedTaskDispatcher with 28 workers.
 -> (artifact id: '3b1ad140efabb53019f03607b23101e4') in 0.093671 seconds
Number of updated asset objects reloaded before import = 0
Number of asset objects unloaded after import = 9
========================================================================
Received Import Request.
  Time since last request: 0.000020 seconds.
  path: Assets/Free Low Poly Desert Pack/FBX Files/Mixed Colors/Mixed_Plant_02.fbx
  artifactKey: Guid(7cc11f7cb2fb7f24ba5fc2179a82cc61) Importer(815301076,1909f56bfc062723c751e8b465ee728b)
Start importing Assets/Free Low Poly Desert Pack/FBX Files/Mixed Colors/Mixed_Plant_02.fbx using Guid(7cc11f7cb2fb7f24ba5fc2179a82cc61) Importer(815301076,1909f56bfc062723c751e8b465ee728b) [PhysX] Initialized MultithreadedTaskDispatcher with 28 workers.
[PhysX] Initialized MultithreadedTaskDispatcher with 28 workers.
[PhysX] Initialized MultithreadedTaskDispatcher with 28 workers.
 -> (artifact id: '99fc2a7f09998381c0ad383fe7290445') in 0.015594 seconds
Number of updated asset objects reloaded before import = 0
Number of asset objects unloaded after import = 9
========================================================================
Received Import Request.
  Time since last request: 10.251707 seconds.
  path: Assets/Free Low Poly Desert Pack/Unity Prefabs/Terrain
  artifactKey: Guid(ef84fdd4cf6b7364e90fe87edc5669b5) Importer(815301076,1909f56bfc062723c751e8b465ee728b)
Start importing Assets/Free Low Poly Desert Pack/Unity Prefabs/Terrain using Guid(ef84fdd4cf6b7364e90fe87edc5669b5) Importer(815301076,1909f56bfc062723c751e8b465ee728b) [PhysX] Initialized MultithreadedTaskDispatcher with 28 workers.
 -> (artifact id: '947db28806589e37bea207d0587d2570') in 0.000621 seconds
Number of updated asset objects reloaded before import = 0
Number of asset objects unloaded after import = 0
========================================================================
Received Import Request.
  Time since last request: 0.176600 seconds.
  path: Assets/Free Low Poly Desert Pack/Unity Prefabs/Terrain/Flat_Ground_01.prefab
  artifactKey: Guid(d2104aa152d99894d8df3c31a9ee634b) Importer(815301076,1909f56bfc062723c751e8b465ee728b)
Start importing Assets/Free Low Poly Desert Pack/Unity Prefabs/Terrain/Flat_Ground_01.prefab using Guid(d2104aa152d99894d8df3c31a9ee634b) Importer(815301076,1909f56bfc062723c751e8b465ee728b) [PhysX] Initialized MultithreadedTaskDispatcher with 28 workers.
[PhysX] Initialized MultithreadedTaskDispatcher with 28 workers.
 -> (artifact id: '27ea6b968b7c38d50c359cc03839d54c') in 0.009554 seconds
Number of updated asset objects reloaded before import = 0
Number of asset objects unloaded after import = 9
========================================================================
Received Import Request.
  Time since last request: 2.267962 seconds.
  path: Assets/Free Low Poly Desert Pack/Unity Prefabs/Trees/Flat_Palm_tree_01.prefab
  artifactKey: Guid(35d82b3ae8f9c4f42b6b11ccb42803cd) Importer(815301076,1909f56bfc062723c751e8b465ee728b)
Start importing Assets/Free Low Poly Desert Pack/Unity Prefabs/Trees/Flat_Palm_tree_01.prefab using Guid(35d82b3ae8f9c4f42b6b11ccb42803cd) Importer(815301076,1909f56bfc062723c751e8b465ee728b) [PhysX] Initialized MultithreadedTaskDispatcher with 28 workers.
[PhysX] Initialized MultithreadedTaskDispatcher with 28 workers.
 -> (artifact id: '9e3b0870d64057d201a91e596045aaed') in 0.008913 seconds
Number of updated asset objects reloaded before import = 0
Number of asset objects unloaded after import = 9
========================================================================
Received Import Request.
  Time since last request: 0.000011 seconds.
  path: Assets/Free Low Poly Desert Pack/Unity Prefabs/Trees/Mixed_Tree_02.prefab
  artifactKey: Guid(82f6882977329724ca4b934e09af87fc) Importer(815301076,1909f56bfc062723c751e8b465ee728b)
Start importing Assets/Free Low Poly Desert Pack/Unity Prefabs/Trees/Mixed_Tree_02.prefab using Guid(82f6882977329724ca4b934e09af87fc) Importer(815301076,1909f56bfc062723c751e8b465ee728b) [PhysX] Initialized MultithreadedTaskDispatcher with 28 workers.
[PhysX] Initialized MultithreadedTaskDispatcher with 28 workers.
 -> (artifact id: '7a8cd4ef502c8da973b8b6eb15504622') in 0.007659 seconds
Number of updated asset objects reloaded before import = 0
Number of asset objects unloaded after import = 9
========================================================================
Received Import Request.
  Time since last request: 4.228393 seconds.
  path: Assets/Free Low Poly Desert Pack/Unity Prefabs/Plants/Flat_Cactus_01.prefab
  artifactKey: Guid(e9ef501c03d9e0f4f8965162fd6bfbba) Importer(815301076,1909f56bfc062723c751e8b465ee728b)
Start importing Assets/Free Low Poly Desert Pack/Unity Prefabs/Plants/Flat_Cactus_01.prefab using Guid(e9ef501c03d9e0f4f8965162fd6bfbba) Importer(815301076,1909f56bfc062723c751e8b465ee728b) [PhysX] Initialized MultithreadedTaskDispatcher with 28 workers.
[PhysX] Initialized MultithreadedTaskDispatcher with 28 workers.
 -> (artifact id: '597041dd918edde1441a52127058ded2') in 0.009291 seconds
Number of updated asset objects reloaded before import = 0
Number of asset objects unloaded after import = 9
========================================================================
Received Import Request.
  Time since last request: 0.000010 seconds.
  path: Assets/Free Low Poly Desert Pack/Unity Prefabs/Plants/Flat_Plant_02.prefab
  artifactKey: Guid(2150293d12bfb2448a976624bc72a6f2) Importer(815301076,1909f56bfc062723c751e8b465ee728b)
Start importing Assets/Free Low Poly Desert Pack/Unity Prefabs/Plants/Flat_Plant_02.prefab using Guid(2150293d12bfb2448a976624bc72a6f2) Importer(815301076,1909f56bfc062723c751e8b465ee728b) [PhysX] Initialized MultithreadedTaskDispatcher with 28 workers.
[PhysX] Initialized MultithreadedTaskDispatcher with 28 workers.
 -> (artifact id: 'c81ef167cfc6222528171a30e7cb9375') in 0.065786 seconds
Number of updated asset objects reloaded before import = 0
Number of asset objects unloaded after import = 9
========================================================================
Received Import Request.
  Time since last request: 0.000013 seconds.
  path: Assets/Free Low Poly Desert Pack/Unity Prefabs/Plants/Mixed_Cactus_01.prefab
  artifactKey: Guid(5d8a4c5c2390fc54e96a652c3eeaf313) Importer(815301076,1909f56bfc062723c751e8b465ee728b)
Start importing Assets/Free Low Poly Desert Pack/Unity Prefabs/Plants/Mixed_Cactus_01.prefab using Guid(5d8a4c5c2390fc54e96a652c3eeaf313) Importer(815301076,1909f56bfc062723c751e8b465ee728b) [PhysX] Initialized MultithreadedTaskDispatcher with 28 workers.
[PhysX] Initialized MultithreadedTaskDispatcher with 28 workers.
 -> (artifact id: '1f3ac03a904f25be44b7947754320d96') in 0.010754 seconds
Number of updated asset objects reloaded before import = 0
Number of asset objects unloaded after import = 9
========================================================================
Received Import Request.
  Time since last request: 1.079578 seconds.
  path: Assets/Free Low Poly Desert Pack/Unity Prefabs/Constructions/Flat_Well_01.prefab
  artifactKey: Guid(42985cb6b1fec6248bddd7b24b713466) Importer(815301076,1909f56bfc062723c751e8b465ee728b)
Start importing Assets/Free Low Poly Desert Pack/Unity Prefabs/Constructions/Flat_Well_01.prefab using Guid(42985cb6b1fec6248bddd7b24b713466) Importer(815301076,1909f56bfc062723c751e8b465ee728b) [PhysX] Initialized MultithreadedTaskDispatcher with 28 workers.
[PhysX] Initialized MultithreadedTaskDispatcher with 28 workers.
 -> (artifact id: '2bb6272375d02ef4d0a27633db158451') in 0.407624 seconds
Number of updated asset objects reloaded before import = 0
Number of asset objects unloaded after import = 9
========================================================================
Received Import Request.
  Time since last request: 0.135986 seconds.
  path: Assets/Free Low Poly Desert Pack/Unity Prefabs/Bones/Flat_Bone_02.prefab
  artifactKey: Guid(45b8cac9ed2e6a142ae411672ba866f9) Importer(815301076,1909f56bfc062723c751e8b465ee728b)
Start importing Assets/Free Low Poly Desert Pack/Unity Prefabs/Bones/Flat_Bone_02.prefab using Guid(45b8cac9ed2e6a142ae411672ba866f9) Importer(815301076,1909f56bfc062723c751e8b465ee728b) [PhysX] Initialized MultithreadedTaskDispatcher with 28 workers.
[PhysX] Initialized MultithreadedTaskDispatcher with 28 workers.
 -> (artifact id: '92e572cddc902e279c700093346d2658') in 0.008377 seconds
Number of updated asset objects reloaded before import = 0
Number of asset objects unloaded after import = 9
========================================================================
Received Import Request.
  Time since last request: 52.596541 seconds.
  path: Assets/ObjetosPortal/Mixed_Bone_02.prefab
  artifactKey: Guid(fb9f189dcf5d2ad4aad003a8a44b136d) Importer(815301076,1909f56bfc062723c751e8b465ee728b)
Start importing Assets/ObjetosPortal/Mixed_Bone_02.prefab using Guid(fb9f189dcf5d2ad4aad003a8a44b136d) Importer(815301076,1909f56bfc062723c751e8b465ee728b) [PhysX] Initialized MultithreadedTaskDispatcher with 28 workers.
[PhysX] Initialized MultithreadedTaskDispatcher with 28 workers.
 -> (artifact id: '6518579c9976da6cf0776cb5e36f8877') in 0.039115 seconds
Number of updated asset objects reloaded before import = 0
Number of asset objects unloaded after import = 10
========================================================================
Received Import Request.
  Time since last request: 1.776011 seconds.
  path: Assets/ObjetosPortal/Mixed_Bone_02.prefab
  artifactKey: Guid(fb9f189dcf5d2ad4aad003a8a44b136d) Importer(815301076,1909f56bfc062723c751e8b465ee728b)
Start importing Assets/ObjetosPortal/Mixed_Bone_02.prefab using Guid(fb9f189dcf5d2ad4aad003a8a44b136d) Importer(815301076,1909f56bfc062723c751e8b465ee728b) [PhysX] Initialized MultithreadedTaskDispatcher with 28 workers.
[PhysX] Initialized MultithreadedTaskDispatcher with 28 workers.
 -> (artifact id: '911593324340cebf15d46e61eb5a4403') in 0.038951 seconds
Number of updated asset objects reloaded before import = 0
Number of asset objects unloaded after import = 10
========================================================================
Received Import Request.
  Time since last request: 5.127913 seconds.
  path: Assets/ObjetosPortal/sword.prefab
  artifactKey: Guid(c34a67cb83e3b5449b55243207b1b621) Importer(815301076,1909f56bfc062723c751e8b465ee728b)
Start importing Assets/ObjetosPortal/sword.prefab using Guid(c34a67cb83e3b5449b55243207b1b621) Importer(815301076,1909f56bfc062723c751e8b465ee728b) [PhysX] Initialized MultithreadedTaskDispatcher with 28 workers.
[PhysX] Initialized MultithreadedTaskDispatcher with 28 workers.
 -> (artifact id: '5837293bb5aeb7f86f2a9e87dfe2a10f') in 0.634565 seconds
Number of updated asset objects reloaded before import = 0
Number of asset objects unloaded after import = 11
========================================================================
Received Import Request.
  Time since last request: 1.114858 seconds.
  path: Assets/ObjetosPortal/sword.prefab
  artifactKey: Guid(c34a67cb83e3b5449b55243207b1b621) Importer(815301076,1909f56bfc062723c751e8b465ee728b)
Start importing Assets/ObjetosPortal/sword.prefab using Guid(c34a67cb83e3b5449b55243207b1b621) Importer(815301076,1909f56bfc062723c751e8b465ee728b) [PhysX] Initialized MultithreadedTaskDispatcher with 28 workers.
[PhysX] Initialized MultithreadedTaskDispatcher with 28 workers.
 -> (artifact id: 'a6a9e31d50cdb0b59b57c30f6e9b3cb4') in 0.028401 seconds
Number of updated asset objects reloaded before import = 0
Number of asset objects unloaded after import = 11
========================================================================
Received Import Request.
  Time since last request: 3.469326 seconds.
  path: Assets/ObjetosPortal/torch.prefab
  artifactKey: Guid(2b28d52e9282f5844af4fa29dc0c1032) Importer(815301076,1909f56bfc062723c751e8b465ee728b)
Start importing Assets/ObjetosPortal/torch.prefab using Guid(2b28d52e9282f5844af4fa29dc0c1032) Importer(815301076,1909f56bfc062723c751e8b465ee728b) [PhysX] Initialized MultithreadedTaskDispatcher with 28 workers.
[PhysX] Initialized MultithreadedTaskDispatcher with 28 workers.
 -> (artifact id: '8b2c7370d3728eaee20bae3cc304707c') in 0.036941 seconds
Number of updated asset objects reloaded before import = 0
Number of asset objects unloaded after import = 20
========================================================================
Received Import Request.
  Time since last request: 1.508186 seconds.
  path: Assets/ObjetosPortal/torch.prefab
  artifactKey: Guid(2b28d52e9282f5844af4fa29dc0c1032) Importer(815301076,1909f56bfc062723c751e8b465ee728b)
Start importing Assets/ObjetosPortal/torch.prefab using Guid(2b28d52e9282f5844af4fa29dc0c1032) Importer(815301076,1909f56bfc062723c751e8b465ee728b) [PhysX] Initialized MultithreadedTaskDispatcher with 28 workers.
[PhysX] Initialized MultithreadedTaskDispatcher with 28 workers.
 -> (artifact id: '64601d66a8b24cbb8e8bcd759b124175') in 0.117649 seconds
Number of updated asset objects reloaded before import = 0
Number of asset objects unloaded after import = 20
========================================================================
Received Import Request.
  Time since last request: 25.642312 seconds.
  path: Assets/ObjetosPortal/Mixed_Bone_02.prefab
  artifactKey: Guid(fb9f189dcf5d2ad4aad003a8a44b136d) Importer(815301076,1909f56bfc062723c751e8b465ee728b)
Start importing Assets/ObjetosPortal/Mixed_Bone_02.prefab using Guid(fb9f189dcf5d2ad4aad003a8a44b136d) Importer(815301076,1909f56bfc062723c751e8b465ee728b) [PhysX] Initialized MultithreadedTaskDispatcher with 28 workers.
[PhysX] Initialized MultithreadedTaskDispatcher with 28 workers.
 -> (artifact id: 'c496519e45f65f7c4c90c7f05f450913') in 0.012742 seconds
Number of updated asset objects reloaded before import = 0
Number of asset objects unloaded after import = 11
========================================================================
Received Import Request.
  Time since last request: 5.716275 seconds.
  path: Assets/ObjetosPortal/Mixed_Bone_02.prefab
  artifactKey: Guid(fb9f189dcf5d2ad4aad003a8a44b136d) Importer(815301076,1909f56bfc062723c751e8b465ee728b)
Start importing Assets/ObjetosPortal/Mixed_Bone_02.prefab using Guid(fb9f189dcf5d2ad4aad003a8a44b136d) Importer(815301076,1909f56bfc062723c751e8b465ee728b) [PhysX] Initialized MultithreadedTaskDispatcher with 28 workers.
[PhysX] Initialized MultithreadedTaskDispatcher with 28 workers.
 -> (artifact id: '2d175812c35b59fb40afdfe41a3e5445') in 0.013263 seconds
Number of updated asset objects reloaded before import = 0
Number of asset objects unloaded after import = 11
========================================================================
Received Import Request.
  Time since last request: 4.241343 seconds.
  path: Assets/ObjetosPortal/sword.prefab
  artifactKey: Guid(c34a67cb83e3b5449b55243207b1b621) Importer(815301076,1909f56bfc062723c751e8b465ee728b)
Start importing Assets/ObjetosPortal/sword.prefab using Guid(c34a67cb83e3b5449b55243207b1b621) Importer(815301076,1909f56bfc062723c751e8b465ee728b) [PhysX] Initialized MultithreadedTaskDispatcher with 28 workers.
[PhysX] Initialized MultithreadedTaskDispatcher with 28 workers.
 -> (artifact id: 'd3fc97df027250644566ed72f83131cb') in 1.157538 seconds
Number of updated asset objects reloaded before import = 0
Number of asset objects unloaded after import = 12
========================================================================
Received Import Request.
  Time since last request: 4.108404 seconds.
  path: Assets/ObjetosPortal/sword.prefab
  artifactKey: Guid(c34a67cb83e3b5449b55243207b1b621) Importer(815301076,1909f56bfc062723c751e8b465ee728b)
Start importing Assets/ObjetosPortal/sword.prefab using Guid(c34a67cb83e3b5449b55243207b1b621) Importer(815301076,1909f56bfc062723c751e8b465ee728b) [PhysX] Initialized MultithreadedTaskDispatcher with 28 workers.
[PhysX] Initialized MultithreadedTaskDispatcher with 28 workers.
 -> (artifact id: '02addde6d9b0a2cd6e913bf1a4d4a797') in 1.034663 seconds
Number of updated asset objects reloaded before import = 0
Number of asset objects unloaded after import = 12
========================================================================
Received Import Request.
  Time since last request: 2.756629 seconds.
  path: Assets/ObjetosPortal/torch.prefab
  artifactKey: Guid(2b28d52e9282f5844af4fa29dc0c1032) Importer(815301076,1909f56bfc062723c751e8b465ee728b)
Start importing Assets/ObjetosPortal/torch.prefab using Guid(2b28d52e9282f5844af4fa29dc0c1032) Importer(815301076,1909f56bfc062723c751e8b465ee728b) [PhysX] Initialized MultithreadedTaskDispatcher with 28 workers.
[PhysX] Initialized MultithreadedTaskDispatcher with 28 workers.
 -> (artifact id: '77067e792dfe1556c58fa43f5cd1757a') in 0.062831 seconds
Number of updated asset objects reloaded before import = 0
Number of asset objects unloaded after import = 21
========================================================================
Received Import Request.
  Time since last request: 4.510869 seconds.
  path: Assets/ObjetosPortal/torch.prefab
  artifactKey: Guid(2b28d52e9282f5844af4fa29dc0c1032) Importer(815301076,1909f56bfc062723c751e8b465ee728b)
Start importing Assets/ObjetosPortal/torch.prefab using Guid(2b28d52e9282f5844af4fa29dc0c1032) Importer(815301076,1909f56bfc062723c751e8b465ee728b) [PhysX] Initialized MultithreadedTaskDispatcher with 28 workers.
[PhysX] Initialized MultithreadedTaskDispatcher with 28 workers.
 -> (artifact id: '4d76525f59a036ce5f82600c2c7c4017') in 0.029048 seconds
Number of updated asset objects reloaded before import = 0
Number of asset objects unloaded after import = 21
